trial_number,forced_advice_type,correct_score_full,correct_score_helped,wrong_score,left_prob,right_prob,help_prob,face_stim_path,none_stim_path,rightpos_stim_path,leftpos_stim_path,rightneg_stim_path,leftneg_stim_path,ITI
1,right,40,20,60,0.8,0.2,0.9,/js/tasks/active_trust/media/face_1.png,/js/tasks/active_trust/media/small_none.png,/js/tasks/active_trust/media/small_rp.png,/js/tasks/active_trust/media/small_lp.png,/js/tasks/active_trust/media/small_rn.png,/js/tasks/active_trust/media/small_ln.png,0.5
2,right,40,20,60,0.8,0.2,0.9,/js/tasks/active_trust/media/face_1.png,/js/tasks/active_trust/media/small_none.png,/js/tasks/active_trust/media/small_rp.png,/js/tasks/active_trust/media/small_lp.png,/js/tasks/active_trust/media/small_rn.png,/js/tasks/active_trust/media/small_ln.png,0.5
3,right,40,20,60,0.8,0.2,0.9,/js/tasks/active_trust/media/face_1.png,/js/tasks/active_trust/media/small_none.png,/js/tasks/active_trust/media/small_rp.png,/js/tasks/active_trust/media/small_lp.png,/js/tasks/active_trust/media/small_rn.png,/js/tasks/active_trust/media/small_ln.png,0.5
4,right,40,20,60,0.8,0.2,0.9,/js/tasks/active_trust/media/face_1.png,/js/tasks/active_trust/media/small_none.png,/js/tasks/active_trust/media/small_rp.png,/js/tasks/active_trust/media/small_lp.png,/js/tasks/active_trust/media/small_rn.png,/js/tasks/active_trust/media/small_ln.png,0.5
5,right,40,20,60,0.8,0.2,0.9,/js/tasks/active_trust/media/face_1.png,/js/tasks/active_trust/media/small_none.png,/js/tasks/active_trust/media/small_rp.png,/js/tasks/active_trust/media/small_lp.png,/js/tasks/active_trust/media/small_rn.png,/js/tasks/active_trust/media/small_ln.png,0.5
6,right,40,20,60,0.8,0.2,0.9,/js/tasks/active_trust/media/face_1.png,/js/tasks/active_trust/media/small_none.png,/js/tasks/active_trust/media/small_rp.png,/js/tasks/active_trust/media/small_lp.png,/js/tasks/active_trust/media/small_rn.png,/js/tasks/active_trust/media/small_ln.png,0.5
7,right,40,20,60,0.8,0.2,0.9,/js/tasks/active_trust/media/face_1.png,/js/tasks/active_trust/media/small_none.png,/js/tasks/active_trust/media/small_rp.png,/js/tasks/active_trust/media/small_lp.png,/js/tasks/active_trust/media/small_rn.png,/js/tasks/active_trust/media/small_ln.png,0.5
8,right,40,20,60,0.8,0.2,0.9,/js/tasks/active_trust/media/face_1.png,/js/tasks/active_trust/media/small_none.png,/js/tasks/active_trust/media/small_rp.png,/js/tasks/active_trust/media/small_lp.png,/js/tasks/active_trust/media/small_rn.png,/js/tasks/active_trust/media/small_ln.png,0.5
9,right,40,20,60,0.8,0.2,0.9,/js/tasks/active_trust/media/face_1.png,/js/tasks/active_trust/media/small_none.png,/js/tasks/active_trust/media/small_rp.png,/js/tasks/active_trust/media/small_lp.png,/js/tasks/active_trust/media/small_rn.png,/js/tasks/active_trust/media/small_ln.png,0.5
10,right,40,20,60,0.8,0.2,0.9,/js/tasks/active_trust/media/face_1.png,/js/tasks/active_trust/media/small_none.png,/js/tasks/active_trust/media/small_rp.png,/js/tasks/active_trust/media/small_lp.png,/js/tasks/active_trust/media/small_rn.png,/js/tasks/active_trust/media/small_ln.png,0.5
11,right,40,20,60,0.2,0.8,0.9,/js/tasks/active_trust/media/face_1.png,/js/tasks/active_trust/media/small_none.png,/js/tasks/active_trust/media/small_rp.png,/js/tasks/active_trust/media/small_lp.png,/js/tasks/active_trust/media/small_rn.png,/js/tasks/active_trust/media/small_ln.png,0.5
12,right,40,20,60,0.2,0.8,0.9,/js/tasks/active_trust/media/face_1.png,/js/tasks/active_trust/media/small_none.png,/js/tasks/active_trust/media/small_rp.png,/js/tasks/active_trust/media/small_lp.png,/js/tasks/active_trust/media/small_rn.png,/js/tasks/active_trust/media/small_ln.png,0.5
13,right,40,20,60,0.2,0.8,0.9,/js/tasks/active_trust/media/face_1.png,/js/tasks/active_trust/media/small_none.png,/js/tasks/active_trust/media/small_rp.png,/js/tasks/active_trust/media/small_lp.png,/js/tasks/active_trust/media/small_rn.png,/js/tasks/active_trust/media/small_ln.png,0.5
14,right,40,20,60,0.2,0.8,0.9,/js/tasks/active_trust/media/face_1.png,/js/tasks/active_trust/media/small_none.png,/js/tasks/active_trust/media/small_rp.png,/js/tasks/active_trust/media/small_lp.png,/js/tasks/active_trust/media/small_rn.png,/js/tasks/active_trust/media/small_ln.png,0.5
15,right,40,20,60,0.2,0.8,0.9,/js/tasks/active_trust/media/face_1.png,/js/tasks/active_trust/media/small_none.png,/js/tasks/active_trust/media/small_rp.png,/js/tasks/active_trust/media/small_lp.png,/js/tasks/active_trust/media/small_rn.png,/js/tasks/active_trust/media/small_ln.png,0.5
16,right,40,20,60,0.2,0.8,0.9,/js/tasks/active_trust/media/face_1.png,/js/tasks/active_trust/media/small_none.png,/js/tasks/active_trust/media/small_rp.png,/js/tasks/active_trust/media/small_lp.png,/js/tasks/active_trust/media/small_rn.png,/js/tasks/active_trust/media/small_ln.png,0.5
17,right,40,20,60,0.2,0.8,0.9,/js/tasks/active_trust/media/face_1.png,/js/tasks/active_trust/media/small_none.png,/js/tasks/active_trust/media/small_rp.png,/js/tasks/active_trust/media/small_lp.png,/js/tasks/active_trust/media/small_rn.png,/js/tasks/active_trust/media/small_ln.png,0.5
18,right,40,20,60,0.2,0.8,0.9,/js/tasks/active_trust/media/face_1.png,/js/tasks/active_trust/media/small_none.png,/js/tasks/active_trust/media/small_rp.png,/js/tasks/active_trust/media/small_lp.png,/js/tasks/active_trust/media/small_rn.png,/js/tasks/active_trust/media/small_ln.png,0.5
19,right,40,20,60,0.2,0.8,0.9,/js/tasks/active_trust/media/face_1.png,/js/tasks/active_trust/media/small_none.png,/js/tasks/active_trust/media/small_rp.png,/js/tasks/active_trust/media/small_lp.png,/js/tasks/active_trust/media/small_rn.png,/js/tasks/active_trust/media/small_ln.png,0.5
20,right,40,20,60,0.2,0.8,0.9,/js/tasks/active_trust/media/face_1.png,/js/tasks/active_trust/media/small_none.png,/js/tasks/active_trust/media/small_rp.png,/js/tasks/active_trust/media/small_lp.png,/js/tasks/active_trust/media/small_rn.png,/js/tasks/active_trust/media/small_ln.png,0.5
21,mix,40,20,60,0.8,0.2,0.5,/js/tasks/active_trust/media/face_1.png,/js/tasks/active_trust/media/small_none.png,/js/tasks/active_trust/media/small_rp.png,/js/tasks/active_trust/media/small_lp.png,/js/tasks/active_trust/media/small_rn.png,/js/tasks/active_trust/media/small_ln.png,0.5
22,mix,40,20,60,0.8,0.2,0.5,/js/tasks/active_trust/media/face_1.png,/js/tasks/active_trust/media/small_none.png,/js/tasks/active_trust/media/small_rp.png,/js/tasks/active_trust/media/small_lp.png,/js/tasks/active_trust/media/small_rn.png,/js/tasks/active_trust/media/small_ln.png,0.5
23,mix,40,20,60,0.8,0.2,0.5,/js/tasks/active_trust/media/face_1.png,/js/tasks/active_trust/media/small_none.png,/js/tasks/active_trust/media/small_rp.png,/js/tasks/active_trust/media/small_lp.png,/js/tasks/active_trust/media/small_rn.png,/js/tasks/active_trust/media/small_ln.png,0.5
24,mix,40,20,60,0.8,0.2,0.5,/js/tasks/active_trust/media/face_1.png,/js/tasks/active_trust/media/small_none.png,/js/tasks/active_trust/media/small_rp.png,/js/tasks/active_trust/media/small_lp.png,/js/tasks/active_trust/media/small_rn.png,/js/tasks/active_trust/media/small_ln.png,0.5
25,mix,40,20,60,0.8,0.2,0.5,/js/tasks/active_trust/media/face_1.png,/js/tasks/active_trust/media/small_none.png,/js/tasks/active_trust/media/small_rp.png,/js/tasks/active_trust/media/small_lp.png,/js/tasks/active_trust/media/small_rn.png,/js/tasks/active_trust/media/small_ln.png,0.5
26,mix,40,20,60,0.8,0.2,0.5,/js/tasks/active_trust/media/face_1.png,/js/tasks/active_trust/media/small_none.png,/js/tasks/active_trust/media/small_rp.png,/js/tasks/active_trust/media/small_lp.png,/js/tasks/active_trust/media/small_rn.png,/js/tasks/active_trust/media/small_ln.png,0.5
27,mix,40,20,60,0.8,0.2,0.5,/js/tasks/active_trust/media/face_1.png,/js/tasks/active_trust/media/small_none.png,/js/tasks/active_trust/media/small_rp.png,/js/tasks/active_trust/media/small_lp.png,/js/tasks/active_trust/media/small_rn.png,/js/tasks/active_trust/media/small_ln.png,0.5
28,mix,40,20,60,0.8,0.2,0.5,/js/tasks/active_trust/media/face_1.png,/js/tasks/active_trust/media/small_none.png,/js/tasks/active_trust/media/small_rp.png,/js/tasks/active_trust/media/small_lp.png,/js/tasks/active_trust/media/small_rn.png,/js/tasks/active_trust/media/small_ln.png,0.5
29,mix,40,20,60,0.8,0.2,0.5,/js/tasks/active_trust/media/face_1.png,/js/tasks/active_trust/media/small_none.png,/js/tasks/active_trust/media/small_rp.png,/js/tasks/active_trust/media/small_lp.png,/js/tasks/active_trust/media/small_rn.png,/js/tasks/active_trust/media/small_ln.png,0.5
30,mix,40,20,60,0.8,0.2,0.5,/js/tasks/active_trust/media/face_1.png,/js/tasks/active_trust/media/small_none.png,/js/tasks/active_trust/media/small_rp.png,/js/tasks/active_trust/media/small_lp.png,/js/tasks/active_trust/media/small_rn.png,/js/tasks/active_trust/media/small_ln.png,0.5
31,mix,40,20,60,0.8,0.2,0.5,/js/tasks/active_trust/media/face_1.png,/js/tasks/active_trust/media/small_none.png,/js/tasks/active_trust/media/small_rp.png,/js/tasks/active_trust/media/small_lp.png,/js/tasks/active_trust/media/small_rn.png,/js/tasks/active_trust/media/small_ln.png,0.5
32,mix,40,20,60,0.2,0.8,0.5,/js/tasks/active_trust/media/face_1.png,/js/tasks/active_trust/media/small_none.png,/js/tasks/active_trust/media/small_rp.png,/js/tasks/active_trust/media/small_lp.png,/js/tasks/active_trust/media/small_rn.png,/js/tasks/active_trust/media/small_ln.png,0.5
33,mix,40,20,60,0.2,0.8,0.5,/js/tasks/active_trust/media/face_1.png,/js/tasks/active_trust/media/small_none.png,/js/tasks/active_trust/media/small_rp.png,/js/tasks/active_trust/media/small_lp.png,/js/tasks/active_trust/media/small_rn.png,/js/tasks/active_trust/media/small_ln.png,0.5
34,mix,40,20,60,0.2,0.8,0.5,/js/tasks/active_trust/media/face_1.png,/js/tasks/active_trust/media/small_none.png,/js/tasks/active_trust/media/small_rp.png,/js/tasks/active_trust/media/small_lp.png,/js/tasks/active_trust/media/small_rn.png,/js/tasks/active_trust/media/small_ln.png,0.5
35,mix,40,20,60,0.2,0.8,0.5,/js/tasks/active_trust/media/face_1.png,/js/tasks/active_trust/media/small_none.png,/js/tasks/active_trust/media/small_rp.png,/js/tasks/active_trust/media/small_lp.png,/js/tasks/active_trust/media/small_rn.png,/js/tasks/active_trust/media/small_ln.png,0.5
36,mix,40,20,60,0.2,0.8,0.5,/js/tasks/active_trust/media/face_1.png,/js/tasks/active_trust/media/small_none.png,/js/tasks/active_trust/media/small_rp.png,/js/tasks/active_trust/media/small_lp.png,/js/tasks/active_trust/media/small_rn.png,/js/tasks/active_trust/media/small_ln.png,0.5
37,mix,40,20,60,0.2,0.8,0.5,/js/tasks/active_trust/media/face_1.png,/js/tasks/active_trust/media/small_none.png,/js/tasks/active_trust/media/small_rp.png,/js/tasks/active_trust/media/small_lp.png,/js/tasks/active_trust/media/small_rn.png,/js/tasks/active_trust/media/small_ln.png,0.5
38,mix,40,20,60,0.2,0.8,0.5,/js/tasks/active_trust/media/face_1.png,/js/tasks/active_trust/media/small_none.png,/js/tasks/active_trust/media/small_rp.png,/js/tasks/active_trust/media/small_lp.png,/js/tasks/active_trust/media/small_rn.png,/js/tasks/active_trust/media/small_ln.png,0.5
39,mix,40,20,60,0.2,0.8,0.5,/js/tasks/active_trust/media/face_1.png,/js/tasks/active_trust/media/small_none.png,/js/tasks/active_trust/media/small_rp.png,/js/tasks/active_trust/media/small_lp.png,/js/tasks/active_trust/media/small_rn.png,/js/tasks/active_trust/media/small_ln.png,0.5
40,mix,40,20,60,0.2,0.8,0.5,/js/tasks/active_trust/media/face_1.png,/js/tasks/active_trust/media/small_none.png,/js/tasks/active_trust/media/small_rp.png,/js/tasks/active_trust/media/small_lp.png,/js/tasks/active_trust/media/small_rn.png,/js/tasks/active_trust/media/small_ln.png,0.5
41,mix,40,20,80,0.2,0.8,0.5,/js/tasks/active_trust/media/face_2.png,/js/tasks/active_trust/media/medium_none.png,/js/tasks/active_trust/media/medium_rp.png,/js/tasks/active_trust/media/medium_lp.png,/js/tasks/active_trust/media/medium_rn.png,/js/tasks/active_trust/media/medium_ln.png,0.5
42,mix,40,20,80,0.2,0.8,0.5,/js/tasks/active_trust/media/face_2.png,/js/tasks/active_trust/media/medium_none.png,/js/tasks/active_trust/media/medium_rp.png,/js/tasks/active_trust/media/medium_lp.png,/js/tasks/active_trust/media/medium_rn.png,/js/tasks/active_trust/media/medium_ln.png,0.5
43,mix,40,20,80,0.2,0.8,0.5,/js/tasks/active_trust/media/face_2.png,/js/tasks/active_trust/media/medium_none.png,/js/tasks/active_trust/media/medium_rp.png,/js/tasks/active_trust/media/medium_lp.png,/js/tasks/active_trust/media/medium_rn.png,/js/tasks/active_trust/media/medium_ln.png,0.5
44,mix,40,20,80,0.2,0.8,0.5,/js/tasks/active_trust/media/face_2.png,/js/tasks/active_trust/media/medium_none.png,/js/tasks/active_trust/media/medium_rp.png,/js/tasks/active_trust/media/medium_lp.png,/js/tasks/active_trust/media/medium_rn.png,/js/tasks/active_trust/media/medium_ln.png,0.5
45,mix,40,20,80,0.2,0.8,0.5,/js/tasks/active_trust/media/face_2.png,/js/tasks/active_trust/media/medium_none.png,/js/tasks/active_trust/media/medium_rp.png,/js/tasks/active_trust/media/medium_lp.png,/js/tasks/active_trust/media/medium_rn.png,/js/tasks/active_trust/media/medium_ln.png,0.5
46,mix,40,20,80,0.2,0.8,0.5,/js/tasks/active_trust/media/face_2.png,/js/tasks/active_trust/media/medium_none.png,/js/tasks/active_trust/media/medium_rp.png,/js/tasks/active_trust/media/medium_lp.png,/js/tasks/active_trust/media/medium_rn.png,/js/tasks/active_trust/media/medium_ln.png,0.5
47,mix,40,20,80,0.2,0.8,0.5,/js/tasks/active_trust/media/face_2.png,/js/tasks/active_trust/media/medium_none.png,/js/tasks/active_trust/media/medium_rp.png,/js/tasks/active_trust/media/medium_lp.png,/js/tasks/active_trust/media/medium_rn.png,/js/tasks/active_trust/media/medium_ln.png,0.5
48,mix,40,20,80,0.2,0.8,0.5,/js/tasks/active_trust/media/face_2.png,/js/tasks/active_trust/media/medium_none.png,/js/tasks/active_trust/media/medium_rp.png,/js/tasks/active_trust/media/medium_lp.png,/js/tasks/active_trust/media/medium_rn.png,/js/tasks/active_trust/media/medium_ln.png,0.5
49,mix,40,20,80,0.2,0.8,0.5,/js/tasks/active_trust/media/face_2.png,/js/tasks/active_trust/media/medium_none.png,/js/tasks/active_trust/media/medium_rp.png,/js/tasks/active_trust/media/medium_lp.png,/js/tasks/active_trust/media/medium_rn.png,/js/tasks/active_trust/media/medium_ln.png,0.5
50,mix,40,20,80,0.2,0.8,0.5,/js/tasks/active_trust/media/face_2.png,/js/tasks/active_trust/media/medium_none.png,/js/tasks/active_trust/media/medium_rp.png,/js/tasks/active_trust/media/medium_lp.png,/js/tasks/active_trust/media/medium_rn.png,/js/tasks/active_trust/media/medium_ln.png,0.5
51,mix,40,20,80,0.2,0.8,0.5,/js/tasks/active_trust/media/face_2.png,/js/tasks/active_trust/media/medium_none.png,/js/tasks/active_trust/media/medium_rp.png,/js/tasks/active_trust/media/medium_lp.png,/js/tasks/active_trust/media/medium_rn.png,/js/tasks/active_trust/media/medium_ln.png,0.5
52,mix,40,20,80,0.2,0.8,0.5,/js/tasks/active_trust/media/face_2.png,/js/tasks/active_trust/media/medium_none.png,/js/tasks/active_trust/media/medium_rp.png,/js/tasks/active_trust/media/medium_lp.png,/js/tasks/active_trust/media/medium_rn.png,/js/tasks/active_trust/media/medium_ln.png,0.5
53,mix,40,20,80,0.2,0.8,0.5,/js/tasks/active_trust/media/face_2.png,/js/tasks/active_trust/media/medium_none.png,/js/tasks/active_trust/media/medium_rp.png,/js/tasks/active_trust/media/medium_lp.png,/js/tasks/active_trust/media/medium_rn.png,/js/tasks/active_trust/media/medium_ln.png,0.5
54,mix,40,20,80,0.2,0.8,0.5,/js/tasks/active_trust/media/face_2.png,/js/tasks/active_trust/media/medium_none.png,/js/tasks/active_trust/media/medium_rp.png,/js/tasks/active_trust/media/medium_lp.png,/js/tasks/active_trust/media/medium_rn.png,/js/tasks/active_trust/media/medium_ln.png,0.5
55,mix,40,20,80,0.2,0.8,0.5,/js/tasks/active_trust/media/face_2.png,/js/tasks/active_trust/media/medium_none.png,/js/tasks/active_trust/media/medium_rp.png,/js/tasks/active_trust/media/medium_lp.png,/js/tasks/active_trust/media/medium_rn.png,/js/tasks/active_trust/media/medium_ln.png,0.5
56,mix,40,20,80,0.2,0.8,0.5,/js/tasks/active_trust/media/face_2.png,/js/tasks/active_trust/media/medium_none.png,/js/tasks/active_trust/media/medium_rp.png,/js/tasks/active_trust/media/medium_lp.png,/js/tasks/active_trust/media/medium_rn.png,/js/tasks/active_trust/media/medium_ln.png,0.5
57,mix,40,20,80,0.2,0.8,0.5,/js/tasks/active_trust/media/face_2.png,/js/tasks/active_trust/media/medium_none.png,/js/tasks/active_trust/media/medium_rp.png,/js/tasks/active_trust/media/medium_lp.png,/js/tasks/active_trust/media/medium_rn.png,/js/tasks/active_trust/media/medium_ln.png,0.5
58,mix,40,20,80,0.2,0.8,0.5,/js/tasks/active_trust/media/face_2.png,/js/tasks/active_trust/media/medium_none.png,/js/tasks/active_trust/media/medium_rp.png,/js/tasks/active_trust/media/medium_lp.png,/js/tasks/active_trust/media/medium_rn.png,/js/tasks/active_trust/media/medium_ln.png,0.5
59,mix,40,20,80,0.2,0.8,0.5,/js/tasks/active_trust/media/face_2.png,/js/tasks/active_trust/media/medium_none.png,/js/tasks/active_trust/media/medium_rp.png,/js/tasks/active_trust/media/medium_lp.png,/js/tasks/active_trust/media/medium_rn.png,/js/tasks/active_trust/media/medium_ln.png,0.5
60,mix,40,20,80,0.2,0.8,0.5,/js/tasks/active_trust/media/face_2.png,/js/tasks/active_trust/media/medium_none.png,/js/tasks/active_trust/media/medium_rp.png,/js/tasks/active_trust/media/medium_lp.png,/js/tasks/active_trust/media/medium_rn.png,/js/tasks/active_trust/media/medium_ln.png,0.5
61,mix,40,20,80,0.2,0.8,0.5,/js/tasks/active_trust/media/face_2.png,/js/tasks/active_trust/media/medium_none.png,/js/tasks/active_trust/media/medium_rp.png,/js/tasks/active_trust/media/medium_lp.png,/js/tasks/active_trust/media/medium_rn.png,/js/tasks/active_trust/media/medium_ln.png,0.5
62,mix,40,20,80,0.2,0.8,0.5,/js/tasks/active_trust/media/face_2.png,/js/tasks/active_trust/media/medium_none.png,/js/tasks/active_trust/media/medium_rp.png,/js/tasks/active_trust/media/medium_lp.png,/js/tasks/active_trust/media/medium_rn.png,/js/tasks/active_trust/media/medium_ln.png,0.5
63,mix,40,20,80,0.2,0.8,0.5,/js/tasks/active_trust/media/face_2.png,/js/tasks/active_trust/media/medium_none.png,/js/tasks/active_trust/media/medium_rp.png,/js/tasks/active_trust/media/medium_lp.png,/js/tasks/active_trust/media/medium_rn.png,/js/tasks/active_trust/media/medium_ln.png,0.5
64,mix,40,20,80,0.2,0.8,0.5,/js/tasks/active_trust/media/face_2.png,/js/tasks/active_trust/media/medium_none.png,/js/tasks/active_trust/media/medium_rp.png,/js/tasks/active_trust/media/medium_lp.png,/js/tasks/active_trust/media/medium_rn.png,/js/tasks/active_trust/media/medium_ln.png,0.5
65,mix,40,20,80,0.2,0.8,0.5,/js/tasks/active_trust/media/face_2.png,/js/tasks/active_trust/media/medium_none.png,/js/tasks/active_trust/media/medium_rp.png,/js/tasks/active_trust/media/medium_lp.png,/js/tasks/active_trust/media/medium_rn.png,/js/tasks/active_trust/media/medium_ln.png,0.5
66,mix,40,20,80,0.2,0.8,0.5,/js/tasks/active_trust/media/face_2.png,/js/tasks/active_trust/media/medium_none.png,/js/tasks/active_trust/media/medium_rp.png,/js/tasks/active_trust/media/medium_lp.png,/js/tasks/active_trust/media/medium_rn.png,/js/tasks/active_trust/media/medium_ln.png,0.5
67,mix,40,20,80,0.2,0.8,0.5,/js/tasks/active_trust/media/face_2.png,/js/tasks/active_trust/media/medium_none.png,/js/tasks/active_trust/media/medium_rp.png,/js/tasks/active_trust/media/medium_lp.png,/js/tasks/active_trust/media/medium_rn.png,/js/tasks/active_trust/media/medium_ln.png,0.5
68,mix,40,20,80,0.2,0.8,0.5,/js/tasks/active_trust/media/face_2.png,/js/tasks/active_trust/media/medium_none.png,/js/tasks/active_trust/media/medium_rp.png,/js/tasks/active_trust/media/medium_lp.png,/js/tasks/active_trust/media/medium_rn.png,/js/tasks/active_trust/media/medium_ln.png,0.5
69,mix,40,20,80,0.2,0.8,0.5,/js/tasks/active_trust/media/face_2.png,/js/tasks/active_trust/media/medium_none.png,/js/tasks/active_trust/media/medium_rp.png,/js/tasks/active_trust/media/medium_lp.png,/js/tasks/active_trust/media/medium_rn.png,/js/tasks/active_trust/media/medium_ln.png,0.5
70,mix,40,20,80,0.2,0.8,0.5,/js/tasks/active_trust/media/face_2.png,/js/tasks/active_trust/media/medium_none.png,/js/tasks/active_trust/media/medium_rp.png,/js/tasks/active_trust/media/medium_lp.png,/js/tasks/active_trust/media/medium_rn.png,/js/tasks/active_trust/media/medium_ln.png,0.5
71,mix,40,20,80,0.2,0.8,0.5,/js/tasks/active_trust/media/face_2.png,/js/tasks/active_trust/media/medium_none.png,/js/tasks/active_trust/media/medium_rp.png,/js/tasks/active_trust/media/medium_lp.png,/js/tasks/active_trust/media/medium_rn.png,/js/tasks/active_trust/media/medium_ln.png,0.5
72,mix,40,20,80,0.2,0.8,0.5,/js/tasks/active_trust/media/face_2.png,/js/tasks/active_trust/media/medium_none.png,/js/tasks/active_trust/media/medium_rp.png,/js/tasks/active_trust/media/medium_lp.png,/js/tasks/active_trust/media/medium_rn.png,/js/tasks/active_trust/media/medium_ln.png,0.5
73,mix,40,20,80,0.2,0.8,0.5,/js/tasks/active_trust/media/face_2.png,/js/tasks/active_trust/media/medium_none.png,/js/tasks/active_trust/media/medium_rp.png,/js/tasks/active_trust/media/medium_lp.png,/js/tasks/active_trust/media/medium_rn.png,/js/tasks/active_trust/media/medium_ln.png,0.5
74,mix,40,20,80,0.2,0.8,0.5,/js/tasks/active_trust/media/face_2.png,/js/tasks/active_trust/media/medium_none.png,/js/tasks/active_trust/media/medium_rp.png,/js/tasks/active_trust/media/medium_lp.png,/js/tasks/active_trust/media/medium_rn.png,/js/tasks/active_trust/media/medium_ln.png,0.5
75,mix,40,20,80,0.2,0.8,0.5,/js/tasks/active_trust/media/face_2.png,/js/tasks/active_trust/media/medium_none.png,/js/tasks/active_trust/media/medium_rp.png,/js/tasks/active_trust/media/medium_lp.png,/js/tasks/active_trust/media/medium_rn.png,/js/tasks/active_trust/media/medium_ln.png,0.5
76,mix,40,20,80,0.2,0.8,0.5,/js/tasks/active_trust/media/face_2.png,/js/tasks/active_trust/media/medium_none.png,/js/tasks/active_trust/media/medium_rp.png,/js/tasks/active_trust/media/medium_lp.png,/js/tasks/active_trust/media/medium_rn.png,/js/tasks/active_trust/media/medium_ln.png,0.5
77,mix,40,20,80,0.2,0.8,0.5,/js/tasks/active_trust/media/face_2.png,/js/tasks/active_trust/media/medium_none.png,/js/tasks/active_trust/media/medium_rp.png,/js/tasks/active_trust/media/medium_lp.png,/js/tasks/active_trust/media/medium_rn.png,/js/tasks/active_trust/media/medium_ln.png,0.5
78,mix,40,20,80,0.2,0.8,0.5,/js/tasks/active_trust/media/face_2.png,/js/tasks/active_trust/media/medium_none.png,/js/tasks/active_trust/media/medium_rp.png,/js/tasks/active_trust/media/medium_lp.png,/js/tasks/active_trust/media/medium_rn.png,/js/tasks/active_trust/media/medium_ln.png,0.5
79,mix,40,20,80,0.2,0.8,0.5,/js/tasks/active_trust/media/face_2.png,/js/tasks/active_trust/media/medium_none.png,/js/tasks/active_trust/media/medium_rp.png,/js/tasks/active_trust/media/medium_lp.png,/js/tasks/active_trust/media/medium_rn.png,/js/tasks/active_trust/media/medium_ln.png,0.5
80,mix,40,20,80,0.2,0.8,0.5,/js/tasks/active_trust/media/face_2.png,/js/tasks/active_trust/media/medium_none.png,/js/tasks/active_trust/media/medium_rp.png,/js/tasks/active_trust/media/medium_lp.png,/js/tasks/active_trust/media/medium_rn.png,/js/tasks/active_trust/media/medium_ln.png,0.5
81,mix,40,20,100,0.2,0.8,0.9,/js/tasks/active_trust/media/face_3.png,/js/tasks/active_trust/media/large_none.png,/js/tasks/active_trust/media/large_rp.png,/js/tasks/active_trust/media/large_lp.png,/js/tasks/active_trust/media/large_rn.png,/js/tasks/active_trust/media/large_ln.png,0.5
82,mix,40,20,100,0.2,0.8,0.9,/js/tasks/active_trust/media/face_3.png,/js/tasks/active_trust/media/large_none.png,/js/tasks/active_trust/media/large_rp.png,/js/tasks/active_trust/media/large_lp.png,/js/tasks/active_trust/media/large_rn.png,/js/tasks/active_trust/media/large_ln.png,0.5
83,mix,40,20,100,0.2,0.8,0.9,/js/tasks/active_trust/media/face_3.png,/js/tasks/active_trust/media/large_none.png,/js/tasks/active_trust/media/large_rp.png,/js/tasks/active_trust/media/large_lp.png,/js/tasks/active_trust/media/large_rn.png,/js/tasks/active_trust/media/large_ln.png,0.5
84,mix,40,20,100,0.2,0.8,0.9,/js/tasks/active_trust/media/face_3.png,/js/tasks/active_trust/media/large_none.png,/js/tasks/active_trust/media/large_rp.png,/js/tasks/active_trust/media/large_lp.png,/js/tasks/active_trust/media/large_rn.png,/js/tasks/active_trust/media/large_ln.png,0.5
85,mix,40,20,100,0.2,0.8,0.9,/js/tasks/active_trust/media/face_3.png,/js/tasks/active_trust/media/large_none.png,/js/tasks/active_trust/media/large_rp.png,/js/tasks/active_trust/media/large_lp.png,/js/tasks/active_trust/media/large_rn.png,/js/tasks/active_trust/media/large_ln.png,0.5
86,mix,40,20,100,0.2,0.8,0.9,/js/tasks/active_trust/media/face_3.png,/js/tasks/active_trust/media/large_none.png,/js/tasks/active_trust/media/large_rp.png,/js/tasks/active_trust/media/large_lp.png,/js/tasks/active_trust/media/large_rn.png,/js/tasks/active_trust/media/large_ln.png,0.5
87,mix,40,20,100,0.2,0.8,0.9,/js/tasks/active_trust/media/face_3.png,/js/tasks/active_trust/media/large_none.png,/js/tasks/active_trust/media/large_rp.png,/js/tasks/active_trust/media/large_lp.png,/js/tasks/active_trust/media/large_rn.png,/js/tasks/active_trust/media/large_ln.png,0.5
88,mix,40,20,100,0.2,0.8,0.9,/js/tasks/active_trust/media/face_3.png,/js/tasks/active_trust/media/large_none.png,/js/tasks/active_trust/media/large_rp.png,/js/tasks/active_trust/media/large_lp.png,/js/tasks/active_trust/media/large_rn.png,/js/tasks/active_trust/media/large_ln.png,0.5
89,mix,40,20,100,0.2,0.8,0.9,/js/tasks/active_trust/media/face_3.png,/js/tasks/active_trust/media/large_none.png,/js/tasks/active_trust/media/large_rp.png,/js/tasks/active_trust/media/large_lp.png,/js/tasks/active_trust/media/large_rn.png,/js/tasks/active_trust/media/large_ln.png,0.5
90,mix,40,20,100,0.8,0.2,0.9,/js/tasks/active_trust/media/face_3.png,/js/tasks/active_trust/media/large_none.png,/js/tasks/active_trust/media/large_rp.png,/js/tasks/active_trust/media/large_lp.png,/js/tasks/active_trust/media/large_rn.png,/js/tasks/active_trust/media/large_ln.png,0.5
91,mix,40,20,100,0.8,0.2,0.9,/js/tasks/active_trust/media/face_3.png,/js/tasks/active_trust/media/large_none.png,/js/tasks/active_trust/media/large_rp.png,/js/tasks/active_trust/media/large_lp.png,/js/tasks/active_trust/media/large_rn.png,/js/tasks/active_trust/media/large_ln.png,0.5
92,mix,40,20,100,0.8,0.2,0.9,/js/tasks/active_trust/media/face_3.png,/js/tasks/active_trust/media/large_none.png,/js/tasks/active_trust/media/large_rp.png,/js/tasks/active_trust/media/large_lp.png,/js/tasks/active_trust/media/large_rn.png,/js/tasks/active_trust/media/large_ln.png,0.5
93,mix,40,20,100,0.8,0.2,0.9,/js/tasks/active_trust/media/face_3.png,/js/tasks/active_trust/media/large_none.png,/js/tasks/active_trust/media/large_rp.png,/js/tasks/active_trust/media/large_lp.png,/js/tasks/active_trust/media/large_rn.png,/js/tasks/active_trust/media/large_ln.png,0.5
94,mix,40,20,100,0.8,0.2,0.9,/js/tasks/active_trust/media/face_3.png,/js/tasks/active_trust/media/large_none.png,/js/tasks/active_trust/media/large_rp.png,/js/tasks/active_trust/media/large_lp.png,/js/tasks/active_trust/media/large_rn.png,/js/tasks/active_trust/media/large_ln.png,0.5
95,mix,40,20,100,0.8,0.2,0.9,/js/tasks/active_trust/media/face_3.png,/js/tasks/active_trust/media/large_none.png,/js/tasks/active_trust/media/large_rp.png,/js/tasks/active_trust/media/large_lp.png,/js/tasks/active_trust/media/large_rn.png,/js/tasks/active_trust/media/large_ln.png,0.5
96,mix,40,20,100,0.8,0.2,0.9,/js/tasks/active_trust/media/face_3.png,/js/tasks/active_trust/media/large_none.png,/js/tasks/active_trust/media/large_rp.png,/js/tasks/active_trust/media/large_lp.png,/js/tasks/active_trust/media/large_rn.png,/js/tasks/active_trust/media/large_ln.png,0.5
97,mix,40,20,100,0.8,0.2,0.9,/js/tasks/active_trust/media/face_3.png,/js/tasks/active_trust/media/large_none.png,/js/tasks/active_trust/media/large_rp.png,/js/tasks/active_trust/media/large_lp.png,/js/tasks/active_trust/media/large_rn.png,/js/tasks/active_trust/media/large_ln.png,0.5
98,mix,40,20,100,0.8,0.2,0.9,/js/tasks/active_trust/media/face_3.png,/js/tasks/active_trust/media/large_none.png,/js/tasks/active_trust/media/large_rp.png,/js/tasks/active_trust/media/large_lp.png,/js/tasks/active_trust/media/large_rn.png,/js/tasks/active_trust/media/large_ln.png,0.5
99,mix,40,20,100,0.8,0.2,0.9,/js/tasks/active_trust/media/face_3.png,/js/tasks/active_trust/media/large_none.png,/js/tasks/active_trust/media/large_rp.png,/js/tasks/active_trust/media/large_lp.png,/js/tasks/active_trust/media/large_rn.png,/js/tasks/active_trust/media/large_ln.png,0.5
100,right,40,20,100,0.2,0.8,0.5,/js/tasks/active_trust/media/face_3.png,/js/tasks/active_trust/media/large_none.png,/js/tasks/active_trust/media/large_rp.png,/js/tasks/active_trust/media/large_lp.png,/js/tasks/active_trust/media/large_rn.png,/js/tasks/active_trust/media/large_ln.png,0.5
101,right,40,20,100,0.2,0.8,0.5,/js/tasks/active_trust/media/face_3.png,/js/tasks/active_trust/media/large_none.png,/js/tasks/active_trust/media/large_rp.png,/js/tasks/active_trust/media/large_lp.png,/js/tasks/active_trust/media/large_rn.png,/js/tasks/active_trust/media/large_ln.png,0.5
102,right,40,20,100,0.2,0.8,0.5,/js/tasks/active_trust/media/face_3.png,/js/tasks/active_trust/media/large_none.png,/js/tasks/active_trust/media/large_rp.png,/js/tasks/active_trust/media/large_lp.png,/js/tasks/active_trust/media/large_rn.png,/js/tasks/active_trust/media/large_ln.png,0.5
103,right,40,20,100,0.2,0.8,0.5,/js/tasks/active_trust/media/face_3.png,/js/tasks/active_trust/media/large_none.png,/js/tasks/active_trust/media/large_rp.png,/js/tasks/active_trust/media/large_lp.png,/js/tasks/active_trust/media/large_rn.png,/js/tasks/active_trust/media/large_ln.png,0.5
104,right,40,20,100,0.2,0.8,0.5,/js/tasks/active_trust/media/face_3.png,/js/tasks/active_trust/media/large_none.png,/js/tasks/active_trust/media/large_rp.png,/js/tasks/active_trust/media/large_lp.png,/js/tasks/active_trust/media/large_rn.png,/js/tasks/active_trust/media/large_ln.png,0.5
105,right,40,20,100,0.2,0.8,0.5,/js/tasks/active_trust/media/face_3.png,/js/tasks/active_trust/media/large_none.png,/js/tasks/active_trust/media/large_rp.png,/js/tasks/active_trust/media/large_lp.png,/js/tasks/active_trust/media/large_rn.png,/js/tasks/active_trust/media/large_ln.png,0.5
106,right,40,20,100,0.2,0.8,0.5,/js/tasks/active_trust/media/face_3.png,/js/tasks/active_trust/media/large_none.png,/js/tasks/active_trust/media/large_rp.png,/js/tasks/active_trust/media/large_lp.png,/js/tasks/active_trust/media/large_rn.png,/js/tasks/active_trust/media/large_ln.png,0.5
107,right,40,20,100,0.2,0.8,0.5,/js/tasks/active_trust/media/face_3.png,/js/tasks/active_trust/media/large_none.png,/js/tasks/active_trust/media/large_rp.png,/js/tasks/active_trust/media/large_lp.png,/js/tasks/active_trust/media/large_rn.png,/js/tasks/active_trust/media/large_ln.png,0.5
108,right,40,20,100,0.2,0.8,0.5,/js/tasks/active_trust/media/face_3.png,/js/tasks/active_trust/media/large_none.png,/js/tasks/active_trust/media/large_rp.png,/js/tasks/active_trust/media/large_lp.png,/js/tasks/active_trust/media/large_rn.png,/js/tasks/active_trust/media/large_ln.png,0.5
109,right,40,20,100,0.2,0.8,0.5,/js/tasks/active_trust/media/face_3.png,/js/tasks/active_trust/media/large_none.png,/js/tasks/active_trust/media/large_rp.png,/js/tasks/active_trust/media/large_lp.png,/js/tasks/active_trust/media/large_rn.png,/js/tasks/active_trust/media/large_ln.png,0.5
110,right,40,20,100,0.2,0.8,0.5,/js/tasks/active_trust/media/face_3.png,/js/tasks/active_trust/media/large_none.png,/js/tasks/active_trust/media/large_rp.png,/js/tasks/active_trust/media/large_lp.png,/js/tasks/active_trust/media/large_rn.png,/js/tasks/active_trust/media/large_ln.png,0.5
111,right,40,20,100,0.8,0.2,0.5,/js/tasks/active_trust/media/face_3.png,/js/tasks/active_trust/media/large_none.png,/js/tasks/active_trust/media/large_rp.png,/js/tasks/active_trust/media/large_lp.png,/js/tasks/active_trust/media/large_rn.png,/js/tasks/active_trust/media/large_ln.png,0.5
112,right,40,20,100,0.8,0.2,0.5,/js/tasks/active_trust/media/face_3.png,/js/tasks/active_trust/media/large_none.png,/js/tasks/active_trust/media/large_rp.png,/js/tasks/active_trust/media/large_lp.png,/js/tasks/active_trust/media/large_rn.png,/js/tasks/active_trust/media/large_ln.png,0.5
113,right,40,20,100,0.8,0.2,0.5,/js/tasks/active_trust/media/face_3.png,/js/tasks/active_trust/media/large_none.png,/js/tasks/active_trust/media/large_rp.png,/js/tasks/active_trust/media/large_lp.png,/js/tasks/active_trust/media/large_rn.png,/js/tasks/active_trust/media/large_ln.png,0.5
114,right,40,20,100,0.8,0.2,0.5,/js/tasks/active_trust/media/face_3.png,/js/tasks/active_trust/media/large_none.png,/js/tasks/active_trust/media/large_rp.png,/js/tasks/active_trust/media/large_lp.png,/js/tasks/active_trust/media/large_rn.png,/js/tasks/active_trust/media/large_ln.png,0.5
115,right,40,20,100,0.8,0.2,0.5,/js/tasks/active_trust/media/face_3.png,/js/tasks/active_trust/media/large_none.png,/js/tasks/active_trust/media/large_rp.png,/js/tasks/active_trust/media/large_lp.png,/js/tasks/active_trust/media/large_rn.png,/js/tasks/active_trust/media/large_ln.png,0.5
116,right,40,20,100,0.8,0.2,0.5,/js/tasks/active_trust/media/face_3.png,/js/tasks/active_trust/media/large_none.png,/js/tasks/active_trust/media/large_rp.png,/js/tasks/active_trust/media/large_lp.png,/js/tasks/active_trust/media/large_rn.png,/js/tasks/active_trust/media/large_ln.png,0.5
117,right,40,20,100,0.8,0.2,0.5,/js/tasks/active_trust/media/face_3.png,/js/tasks/active_trust/media/large_none.png,/js/tasks/active_trust/media/large_rp.png,/js/tasks/active_trust/media/large_lp.png,/js/tasks/active_trust/media/large_rn.png,/js/tasks/active_trust/media/large_ln.png,0.5
118,right,40,20,100,0.8,0.2,0.5,/js/tasks/active_trust/media/face_3.png,/js/tasks/active_trust/media/large_none.png,/js/tasks/active_trust/media/large_rp.png,/js/tasks/active_trust/media/large_lp.png,/js/tasks/active_trust/media/large_rn.png,/js/tasks/active_trust/media/large_ln.png,0.5
119,right,40,20,100,0.8,0.2,0.5,/js/tasks/active_trust/media/face_3.png,/js/tasks/active_trust/media/large_none.png,/js/tasks/active_trust/media/large_rp.png,/js/tasks/active_trust/media/large_lp.png,/js/tasks/active_trust/media/large_rn.png,/js/tasks/active_trust/media/large_ln.png,0.5
120,right,40,20,100,0.8,0.2,0.5,/js/tasks/active_trust/media/face_3.png,/js/tasks/active_trust/media/large_none.png,/js/tasks/active_trust/media/large_rp.png,/js/tasks/active_trust/media/large_lp.png,/js/tasks/active_trust/media/large_rn.png,/js/tasks/active_trust/media/large_ln.png,0.5
121,mix,40,20,80,0.8,0.2,0.5,/js/tasks/active_trust/media/face_4.png,/js/tasks/active_trust/media/medium_none.png,/js/tasks/active_trust/media/medium_rp.png,/js/tasks/active_trust/media/medium_lp.png,/js/tasks/active_trust/media/medium_rn.png,/js/tasks/active_trust/media/medium_ln.png,0.5
122,mix,40,20,80,0.8,0.2,0.5,/js/tasks/active_trust/media/face_4.png,/js/tasks/active_trust/media/medium_none.png,/js/tasks/active_trust/media/medium_rp.png,/js/tasks/active_trust/media/medium_lp.png,/js/tasks/active_trust/media/medium_rn.png,/js/tasks/active_trust/media/medium_ln.png,0.5
123,mix,40,20,80,0.8,0.2,0.5,/js/tasks/active_trust/media/face_4.png,/js/tasks/active_trust/media/medium_none.png,/js/tasks/active_trust/media/medium_rp.png,/js/tasks/active_trust/media/medium_lp.png,/js/tasks/active_trust/media/medium_rn.png,/js/tasks/active_trust/media/medium_ln.png,0.5
124,mix,40,20,80,0.8,0.2,0.5,/js/tasks/active_trust/media/face_4.png,/js/tasks/active_trust/media/medium_none.png,/js/tasks/active_trust/media/medium_rp.png,/js/tasks/active_trust/media/medium_lp.png,/js/tasks/active_trust/media/medium_rn.png,/js/tasks/active_trust/media/medium_ln.png,0.5
125,mix,40,20,80,0.8,0.2,0.5,/js/tasks/active_trust/media/face_4.png,/js/tasks/active_trust/media/medium_none.png,/js/tasks/active_trust/media/medium_rp.png,/js/tasks/active_trust/media/medium_lp.png,/js/tasks/active_trust/media/medium_rn.png,/js/tasks/active_trust/media/medium_ln.png,0.5
126,mix,40,20,80,0.8,0.2,0.5,/js/tasks/active_trust/media/face_4.png,/js/tasks/active_trust/media/medium_none.png,/js/tasks/active_trust/media/medium_rp.png,/js/tasks/active_trust/media/medium_lp.png,/js/tasks/active_trust/media/medium_rn.png,/js/tasks/active_trust/media/medium_ln.png,0.5
127,mix,40,20,80,0.8,0.2,0.5,/js/tasks/active_trust/media/face_4.png,/js/tasks/active_trust/media/medium_none.png,/js/tasks/active_trust/media/medium_rp.png,/js/tasks/active_trust/media/medium_lp.png,/js/tasks/active_trust/media/medium_rn.png,/js/tasks/active_trust/media/medium_ln.png,0.5
128,mix,40,20,80,0.8,0.2,0.5,/js/tasks/active_trust/media/face_4.png,/js/tasks/active_trust/media/medium_none.png,/js/tasks/active_trust/media/medium_rp.png,/js/tasks/active_trust/media/medium_lp.png,/js/tasks/active_trust/media/medium_rn.png,/js/tasks/active_trust/media/medium_ln.png,0.5
129,mix,40,20,80,0.8,0.2,0.5,/js/tasks/active_trust/media/face_4.png,/js/tasks/active_trust/media/medium_none.png,/js/tasks/active_trust/media/medium_rp.png,/js/tasks/active_trust/media/medium_lp.png,/js/tasks/active_trust/media/medium_rn.png,/js/tasks/active_trust/media/medium_ln.png,0.5
130,mix,40,20,80,0.8,0.2,0.5,/js/tasks/active_trust/media/face_4.png,/js/tasks/active_trust/media/medium_none.png,/js/tasks/active_trust/media/medium_rp.png,/js/tasks/active_trust/media/medium_lp.png,/js/tasks/active_trust/media/medium_rn.png,/js/tasks/active_trust/media/medium_ln.png,0.5
131,mix,40,20,80,0.2,0.8,0.5,/js/tasks/active_trust/media/face_4.png,/js/tasks/active_trust/media/medium_none.png,/js/tasks/active_trust/media/medium_rp.png,/js/tasks/active_trust/media/medium_lp.png,/js/tasks/active_trust/media/medium_rn.png,/js/tasks/active_trust/media/medium_ln.png,0.5
132,mix,40,20,80,0.2,0.8,0.5,/js/tasks/active_trust/media/face_4.png,/js/tasks/active_trust/media/medium_none.png,/js/tasks/active_trust/media/medium_rp.png,/js/tasks/active_trust/media/medium_lp.png,/js/tasks/active_trust/media/medium_rn.png,/js/tasks/active_trust/media/medium_ln.png,0.5
133,mix,40,20,80,0.2,0.8,0.5,/js/tasks/active_trust/media/face_4.png,/js/tasks/active_trust/media/medium_none.png,/js/tasks/active_trust/media/medium_rp.png,/js/tasks/active_trust/media/medium_lp.png,/js/tasks/active_trust/media/medium_rn.png,/js/tasks/active_trust/media/medium_ln.png,0.5
134,mix,40,20,80,0.2,0.8,0.5,/js/tasks/active_trust/media/face_4.png,/js/tasks/active_trust/media/medium_none.png,/js/tasks/active_trust/media/medium_rp.png,/js/tasks/active_trust/media/medium_lp.png,/js/tasks/active_trust/media/medium_rn.png,/js/tasks/active_trust/media/medium_ln.png,0.5
135,mix,40,20,80,0.2,0.8,0.5,/js/tasks/active_trust/media/face_4.png,/js/tasks/active_trust/media/medium_none.png,/js/tasks/active_trust/media/medium_rp.png,/js/tasks/active_trust/media/medium_lp.png,/js/tasks/active_trust/media/medium_rn.png,/js/tasks/active_trust/media/medium_ln.png,0.5
136,mix,40,20,80,0.2,0.8,0.5,/js/tasks/active_trust/media/face_4.png,/js/tasks/active_trust/media/medium_none.png,/js/tasks/active_trust/media/medium_rp.png,/js/tasks/active_trust/media/medium_lp.png,/js/tasks/active_trust/media/medium_rn.png,/js/tasks/active_trust/media/medium_ln.png,0.5
137,mix,40,20,80,0.2,0.8,0.5,/js/tasks/active_trust/media/face_4.png,/js/tasks/active_trust/media/medium_none.png,/js/tasks/active_trust/media/medium_rp.png,/js/tasks/active_trust/media/medium_lp.png,/js/tasks/active_trust/media/medium_rn.png,/js/tasks/active_trust/media/medium_ln.png,0.5
138,mix,40,20,80,0.2,0.8,0.5,/js/tasks/active_trust/media/face_4.png,/js/tasks/active_trust/media/medium_none.png,/js/tasks/active_trust/media/medium_rp.png,/js/tasks/active_trust/media/medium_lp.png,/js/tasks/active_trust/media/medium_rn.png,/js/tasks/active_trust/media/medium_ln.png,0.5
139,mix,40,20,80,0.2,0.8,0.5,/js/tasks/active_trust/media/face_4.png,/js/tasks/active_trust/media/medium_none.png,/js/tasks/active_trust/media/medium_rp.png,/js/tasks/active_trust/media/medium_lp.png,/js/tasks/active_trust/media/medium_rn.png,/js/tasks/active_trust/media/medium_ln.png,0.5
140,mix,40,20,80,0.2,0.8,0.5,/js/tasks/active_trust/media/face_4.png,/js/tasks/active_trust/media/medium_none.png,/js/tasks/active_trust/media/medium_rp.png,/js/tasks/active_trust/media/medium_lp.png,/js/tasks/active_trust/media/medium_rn.png,/js/tasks/active_trust/media/medium_ln.png,0.5
141,right,40,20,80,0.8,0.2,0.9,/js/tasks/active_trust/media/face_4.png,/js/tasks/active_trust/media/medium_none.png,/js/tasks/active_trust/media/medium_rp.png,/js/tasks/active_trust/media/medium_lp.png,/js/tasks/active_trust/media/medium_rn.png,/js/tasks/active_trust/media/medium_ln.png,0.5
142,right,40,20,80,0.8,0.2,0.9,/js/tasks/active_trust/media/face_4.png,/js/tasks/active_trust/media/medium_none.png,/js/tasks/active_trust/media/medium_rp.png,/js/tasks/active_trust/media/medium_lp.png,/js/tasks/active_trust/media/medium_rn.png,/js/tasks/active_trust/media/medium_ln.png,0.5
143,right,40,20,80,0.8,0.2,0.9,/js/tasks/active_trust/media/face_4.png,/js/tasks/active_trust/media/medium_none.png,/js/tasks/active_trust/media/medium_rp.png,/js/tasks/active_trust/media/medium_lp.png,/js/tasks/active_trust/media/medium_rn.png,/js/tasks/active_trust/media/medium_ln.png,0.5
144,right,40,20,80,0.8,0.2,0.9,/js/tasks/active_trust/media/face_4.png,/js/tasks/active_trust/media/medium_none.png,/js/tasks/active_trust/media/medium_rp.png,/js/tasks/active_trust/media/medium_lp.png,/js/tasks/active_trust/media/medium_rn.png,/js/tasks/active_trust/media/medium_ln.png,0.5
145,right,40,20,80,0.8,0.2,0.9,/js/tasks/active_trust/media/face_4.png,/js/tasks/active_trust/media/medium_none.png,/js/tasks/active_trust/media/medium_rp.png,/js/tasks/active_trust/media/medium_lp.png,/js/tasks/active_trust/media/medium_rn.png,/js/tasks/active_trust/media/medium_ln.png,0.5
146,right,40,20,80,0.8,0.2,0.9,/js/tasks/active_trust/media/face_4.png,/js/tasks/active_trust/media/medium_none.png,/js/tasks/active_trust/media/medium_rp.png,/js/tasks/active_trust/media/medium_lp.png,/js/tasks/active_trust/media/medium_rn.png,/js/tasks/active_trust/media/medium_ln.png,0.5
147,right,40,20,80,0.8,0.2,0.9,/js/tasks/active_trust/media/face_4.png,/js/tasks/active_trust/media/medium_none.png,/js/tasks/active_trust/media/medium_rp.png,/js/tasks/active_trust/media/medium_lp.png,/js/tasks/active_trust/media/medium_rn.png,/js/tasks/active_trust/media/medium_ln.png,0.5
148,right,40,20,80,0.8,0.2,0.9,/js/tasks/active_trust/media/face_4.png,/js/tasks/active_trust/media/medium_none.png,/js/tasks/active_trust/media/medium_rp.png,/js/tasks/active_trust/media/medium_lp.png,/js/tasks/active_trust/media/medium_rn.png,/js/tasks/active_trust/media/medium_ln.png,0.5
149,right,40,20,80,0.8,0.2,0.9,/js/tasks/active_trust/media/face_4.png,/js/tasks/active_trust/media/medium_none.png,/js/tasks/active_trust/media/medium_rp.png,/js/tasks/active_trust/media/medium_lp.png,/js/tasks/active_trust/media/medium_rn.png,/js/tasks/active_trust/media/medium_ln.png,0.5
150,right,40,20,80,0.8,0.2,0.9,/js/tasks/active_trust/media/face_4.png,/js/tasks/active_trust/media/medium_none.png,/js/tasks/active_trust/media/medium_rp.png,/js/tasks/active_trust/media/medium_lp.png,/js/tasks/active_trust/media/medium_rn.png,/js/tasks/active_trust/media/medium_ln.png,0.5
151,right,40,20,80,0.2,0.8,0.9,/js/tasks/active_trust/media/face_4.png,/js/tasks/active_trust/media/medium_none.png,/js/tasks/active_trust/media/medium_rp.png,/js/tasks/active_trust/media/medium_lp.png,/js/tasks/active_trust/media/medium_rn.png,/js/tasks/active_trust/media/medium_ln.png,0.5
152,right,40,20,80,0.2,0.8,0.9,/js/tasks/active_trust/media/face_4.png,/js/tasks/active_trust/media/medium_none.png,/js/tasks/active_trust/media/medium_rp.png,/js/tasks/active_trust/media/medium_lp.png,/js/tasks/active_trust/media/medium_rn.png,/js/tasks/active_trust/media/medium_ln.png,0.5
153,right,40,20,80,0.2,0.8,0.9,/js/tasks/active_trust/media/face_4.png,/js/tasks/active_trust/media/medium_none.png,/js/tasks/active_trust/media/medium_rp.png,/js/tasks/active_trust/media/medium_lp.png,/js/tasks/active_trust/media/medium_rn.png,/js/tasks/active_trust/media/medium_ln.png,0.5
154,right,40,20,80,0.2,0.8,0.9,/js/tasks/active_trust/media/face_4.png,/js/tasks/active_trust/media/medium_none.png,/js/tasks/active_trust/media/medium_rp.png,/js/tasks/active_trust/media/medium_lp.png,/js/tasks/active_trust/media/medium_rn.png,/js/tasks/active_trust/media/medium_ln.png,0.5
155,right,40,20,80,0.2,0.8,0.9,/js/tasks/active_trust/media/face_4.png,/js/tasks/active_trust/media/medium_none.png,/js/tasks/active_trust/media/medium_rp.png,/js/tasks/active_trust/media/medium_lp.png,/js/tasks/active_trust/media/medium_rn.png,/js/tasks/active_trust/media/medium_ln.png,0.5
156,right,40,20,80,0.2,0.8,0.9,/js/tasks/active_trust/media/face_4.png,/js/tasks/active_trust/media/medium_none.png,/js/tasks/active_trust/media/medium_rp.png,/js/tasks/active_trust/media/medium_lp.png,/js/tasks/active_trust/media/medium_rn.png,/js/tasks/active_trust/media/medium_ln.png,0.5
157,right,40,20,80,0.2,0.8,0.9,/js/tasks/active_trust/media/face_4.png,/js/tasks/active_trust/media/medium_none.png,/js/tasks/active_trust/media/medium_rp.png,/js/tasks/active_trust/media/medium_lp.png,/js/tasks/active_trust/media/medium_rn.png,/js/tasks/active_trust/media/medium_ln.png,0.5
158,right,40,20,80,0.2,0.8,0.9,/js/tasks/active_trust/media/face_4.png,/js/tasks/active_trust/media/medium_none.png,/js/tasks/active_trust/media/medium_rp.png,/js/tasks/active_trust/media/medium_lp.png,/js/tasks/active_trust/media/medium_rn.png,/js/tasks/active_trust/media/medium_ln.png,0.5
159,right,40,20,80,0.2,0.8,0.9,/js/tasks/active_trust/media/face_4.png,/js/tasks/active_trust/media/medium_none.png,/js/tasks/active_trust/media/medium_rp.png,/js/tasks/active_trust/media/medium_lp.png,/js/tasks/active_trust/media/medium_rn.png,/js/tasks/active_trust/media/medium_ln.png,0.5
160,right,40,20,80,0.2,0.8,0.9,/js/tasks/active_trust/media/face_4.png,/js/tasks/active_trust/media/medium_none.png,/js/tasks/active_trust/media/medium_rp.png,/js/tasks/active_trust/media/medium_lp.png,/js/tasks/active_trust/media/medium_rn.png,/js/tasks/active_trust/media/medium_ln.png,0.5
161,mix,40,20,60,0.2,0.8,0.9,/js/tasks/active_trust/media/face_5.png,/js/tasks/active_trust/media/small_none.png,/js/tasks/active_trust/media/small_rp.png,/js/tasks/active_trust/media/small_lp.png,/js/tasks/active_trust/media/small_rn.png,/js/tasks/active_trust/media/small_ln.png,0.5
162,mix,40,20,60,0.2,0.8,0.9,/js/tasks/active_trust/media/face_5.png,/js/tasks/active_trust/media/small_none.png,/js/tasks/active_trust/media/small_rp.png,/js/tasks/active_trust/media/small_lp.png,/js/tasks/active_trust/media/small_rn.png,/js/tasks/active_trust/media/small_ln.png,0.5
163,mix,40,20,60,0.2,0.8,0.9,/js/tasks/active_trust/media/face_5.png,/js/tasks/active_trust/media/small_none.png,/js/tasks/active_trust/media/small_rp.png,/js/tasks/active_trust/media/small_lp.png,/js/tasks/active_trust/media/small_rn.png,/js/tasks/active_trust/media/small_ln.png,0.5
164,mix,40,20,60,0.2,0.8,0.9,/js/tasks/active_trust/media/face_5.png,/js/tasks/active_trust/media/small_none.png,/js/tasks/active_trust/media/small_rp.png,/js/tasks/active_trust/media/small_lp.png,/js/tasks/active_trust/media/small_rn.png,/js/tasks/active_trust/media/small_ln.png,0.5
165,mix,40,20,60,0.2,0.8,0.9,/js/tasks/active_trust/media/face_5.png,/js/tasks/active_trust/media/small_none.png,/js/tasks/active_trust/media/small_rp.png,/js/tasks/active_trust/media/small_lp.png,/js/tasks/active_trust/media/small_rn.png,/js/tasks/active_trust/media/small_ln.png,0.5
166,mix,40,20,60,0.2,0.8,0.9,/js/tasks/active_trust/media/face_5.png,/js/tasks/active_trust/media/small_none.png,/js/tasks/active_trust/media/small_rp.png,/js/tasks/active_trust/media/small_lp.png,/js/tasks/active_trust/media/small_rn.png,/js/tasks/active_trust/media/small_ln.png,0.5
167,mix,40,20,60,0.2,0.8,0.9,/js/tasks/active_trust/media/face_5.png,/js/tasks/active_trust/media/small_none.png,/js/tasks/active_trust/media/small_rp.png,/js/tasks/active_trust/media/small_lp.png,/js/tasks/active_trust/media/small_rn.png,/js/tasks/active_trust/media/small_ln.png,0.5
168,mix,40,20,60,0.2,0.8,0.9,/js/tasks/active_trust/media/face_5.png,/js/tasks/active_trust/media/small_none.png,/js/tasks/active_trust/media/small_rp.png,/js/tasks/active_trust/media/small_lp.png,/js/tasks/active_trust/media/small_rn.png,/js/tasks/active_trust/media/small_ln.png,0.5
169,mix,40,20,60,0.2,0.8,0.9,/js/tasks/active_trust/media/face_5.png,/js/tasks/active_trust/media/small_none.png,/js/tasks/active_trust/media/small_rp.png,/js/tasks/active_trust/media/small_lp.png,/js/tasks/active_trust/media/small_rn.png,/js/tasks/active_trust/media/small_ln.png,0.5
170,mix,40,20,60,0.2,0.8,0.9,/js/tasks/active_trust/media/face_5.png,/js/tasks/active_trust/media/small_none.png,/js/tasks/active_trust/media/small_rp.png,/js/tasks/active_trust/media/small_lp.png,/js/tasks/active_trust/media/small_rn.png,/js/tasks/active_trust/media/small_ln.png,0.5
171,mix,40,20,60,0.8,0.2,0.9,/js/tasks/active_trust/media/face_5.png,/js/tasks/active_trust/media/small_none.png,/js/tasks/active_trust/media/small_rp.png,/js/tasks/active_trust/media/small_lp.png,/js/tasks/active_trust/media/small_rn.png,/js/tasks/active_trust/media/small_ln.png,0.5
172,mix,40,20,60,0.8,0.2,0.9,/js/tasks/active_trust/media/face_5.png,/js/tasks/active_trust/media/small_none.png,/js/tasks/active_trust/media/small_rp.png,/js/tasks/active_trust/media/small_lp.png,/js/tasks/active_trust/media/small_rn.png,/js/tasks/active_trust/media/small_ln.png,0.5
173,mix,40,20,60,0.8,0.2,0.9,/js/tasks/active_trust/media/face_5.png,/js/tasks/active_trust/media/small_none.png,/js/tasks/active_trust/media/small_rp.png,/js/tasks/active_trust/media/small_lp.png,/js/tasks/active_trust/media/small_rn.png,/js/tasks/active_trust/media/small_ln.png,0.5
174,mix,40,20,60,0.8,0.2,0.9,/js/tasks/active_trust/media/face_5.png,/js/tasks/active_trust/media/small_none.png,/js/tasks/active_trust/media/small_rp.png,/js/tasks/active_trust/media/small_lp.png,/js/tasks/active_trust/media/small_rn.png,/js/tasks/active_trust/media/small_ln.png,0.5
175,mix,40,20,60,0.8,0.2,0.9,/js/tasks/active_trust/media/face_5.png,/js/tasks/active_trust/media/small_none.png,/js/tasks/active_trust/media/small_rp.png,/js/tasks/active_trust/media/small_lp.png,/js/tasks/active_trust/media/small_rn.png,/js/tasks/active_trust/media/small_ln.png,0.5
176,mix,40,20,60,0.8,0.2,0.9,/js/tasks/active_trust/media/face_5.png,/js/tasks/active_trust/media/small_none.png,/js/tasks/active_trust/media/small_rp.png,/js/tasks/active_trust/media/small_lp.png,/js/tasks/active_trust/media/small_rn.png,/js/tasks/active_trust/media/small_ln.png,0.5
177,mix,40,20,60,0.8,0.2,0.9,/js/tasks/active_trust/media/face_5.png,/js/tasks/active_trust/media/small_none.png,/js/tasks/active_trust/media/small_rp.png,/js/tasks/active_trust/media/small_lp.png,/js/tasks/active_trust/media/small_rn.png,/js/tasks/active_trust/media/small_ln.png,0.5
178,mix,40,20,60,0.8,0.2,0.9,/js/tasks/active_trust/media/face_5.png,/js/tasks/active_trust/media/small_none.png,/js/tasks/active_trust/media/small_rp.png,/js/tasks/active_trust/media/small_lp.png,/js/tasks/active_trust/media/small_rn.png,/js/tasks/active_trust/media/small_ln.png,0.5
179,mix,40,20,60,0.8,0.2,0.9,/js/tasks/active_trust/media/face_5.png,/js/tasks/active_trust/media/small_none.png,/js/tasks/active_trust/media/small_rp.png,/js/tasks/active_trust/media/small_lp.png,/js/tasks/active_trust/media/small_rn.png,/js/tasks/active_trust/media/small_ln.png,0.5
180,right,40,20,60,0.2,0.8,0.5,/js/tasks/active_trust/media/face_5.png,/js/tasks/active_trust/media/small_none.png,/js/tasks/active_trust/media/small_rp.png,/js/tasks/active_trust/media/small_lp.png,/js/tasks/active_trust/media/small_rn.png,/js/tasks/active_trust/media/small_ln.png,0.5
181,right,40,20,60,0.2,0.8,0.5,/js/tasks/active_trust/media/face_5.png,/js/tasks/active_trust/media/small_none.png,/js/tasks/active_trust/media/small_rp.png,/js/tasks/active_trust/media/small_lp.png,/js/tasks/active_trust/media/small_rn.png,/js/tasks/active_trust/media/small_ln.png,0.5
182,right,40,20,60,0.2,0.8,0.5,/js/tasks/active_trust/media/face_5.png,/js/tasks/active_trust/media/small_none.png,/js/tasks/active_trust/media/small_rp.png,/js/tasks/active_trust/media/small_lp.png,/js/tasks/active_trust/media/small_rn.png,/js/tasks/active_trust/media/small_ln.png,0.5
183,right,40,20,60,0.2,0.8,0.5,/js/tasks/active_trust/media/face_5.png,/js/tasks/active_trust/media/small_none.png,/js/tasks/active_trust/media/small_rp.png,/js/tasks/active_trust/media/small_lp.png,/js/tasks/active_trust/media/small_rn.png,/js/tasks/active_trust/media/small_ln.png,0.5
184,right,40,20,60,0.2,0.8,0.5,/js/tasks/active_trust/media/face_5.png,/js/tasks/active_trust/media/small_none.png,/js/tasks/active_trust/media/small_rp.png,/js/tasks/active_trust/media/small_lp.png,/js/tasks/active_trust/media/small_rn.png,/js/tasks/active_trust/media/small_ln.png,0.5
185,right,40,20,60,0.2,0.8,0.5,/js/tasks/active_trust/media/face_5.png,/js/tasks/active_trust/media/small_none.png,/js/tasks/active_trust/media/small_rp.png,/js/tasks/active_trust/media/small_lp.png,/js/tasks/active_trust/media/small_rn.png,/js/tasks/active_trust/media/small_ln.png,0.5
186,right,40,20,60,0.2,0.8,0.5,/js/tasks/active_trust/media/face_5.png,/js/tasks/active_trust/media/small_none.png,/js/tasks/active_trust/media/small_rp.png,/js/tasks/active_trust/media/small_lp.png,/js/tasks/active_trust/media/small_rn.png,/js/tasks/active_trust/media/small_ln.png,0.5
187,right,40,20,60,0.2,0.8,0.5,/js/tasks/active_trust/media/face_5.png,/js/tasks/active_trust/media/small_none.png,/js/tasks/active_trust/media/small_rp.png,/js/tasks/active_trust/media/small_lp.png,/js/tasks/active_trust/media/small_rn.png,/js/tasks/active_trust/media/small_ln.png,0.5
188,right,40,20,60,0.2,0.8,0.5,/js/tasks/active_trust/media/face_5.png,/js/tasks/active_trust/media/small_none.png,/js/tasks/active_trust/media/small_rp.png,/js/tasks/active_trust/media/small_lp.png,/js/tasks/active_trust/media/small_rn.png,/js/tasks/active_trust/media/small_ln.png,0.5
189,right,40,20,60,0.2,0.8,0.5,/js/tasks/active_trust/media/face_5.png,/js/tasks/active_trust/media/small_none.png,/js/tasks/active_trust/media/small_rp.png,/js/tasks/active_trust/media/small_lp.png,/js/tasks/active_trust/media/small_rn.png,/js/tasks/active_trust/media/small_ln.png,0.5
190,right,40,20,60,0.8,0.2,0.5,/js/tasks/active_trust/media/face_5.png,/js/tasks/active_trust/media/small_none.png,/js/tasks/active_trust/media/small_rp.png,/js/tasks/active_trust/media/small_lp.png,/js/tasks/active_trust/media/small_rn.png,/js/tasks/active_trust/media/small_ln.png,0.5
191,right,40,20,60,0.8,0.2,0.5,/js/tasks/active_trust/media/face_5.png,/js/tasks/active_trust/media/small_none.png,/js/tasks/active_trust/media/small_rp.png,/js/tasks/active_trust/media/small_lp.png,/js/tasks/active_trust/media/small_rn.png,/js/tasks/active_trust/media/small_ln.png,0.5
192,right,40,20,60,0.8,0.2,0.5,/js/tasks/active_trust/media/face_5.png,/js/tasks/active_trust/media/small_none.png,/js/tasks/active_trust/media/small_rp.png,/js/tasks/active_trust/media/small_lp.png,/js/tasks/active_trust/media/small_rn.png,/js/tasks/active_trust/media/small_ln.png,0.5
193,right,40,20,60,0.8,0.2,0.5,/js/tasks/active_trust/media/face_5.png,/js/tasks/active_trust/media/small_none.png,/js/tasks/active_trust/media/small_rp.png,/js/tasks/active_trust/media/small_lp.png,/js/tasks/active_trust/media/small_rn.png,/js/tasks/active_trust/media/small_ln.png,0.5
194,right,40,20,60,0.8,0.2,0.5,/js/tasks/active_trust/media/face_5.png,/js/tasks/active_trust/media/small_none.png,/js/tasks/active_trust/media/small_rp.png,/js/tasks/active_trust/media/small_lp.png,/js/tasks/active_trust/media/small_rn.png,/js/tasks/active_trust/media/small_ln.png,0.5
195,right,40,20,60,0.8,0.2,0.5,/js/tasks/active_trust/media/face_5.png,/js/tasks/active_trust/media/small_none.png,/js/tasks/active_trust/media/small_rp.png,/js/tasks/active_trust/media/small_lp.png,/js/tasks/active_trust/media/small_rn.png,/js/tasks/active_trust/media/small_ln.png,0.5
196,right,40,20,60,0.8,0.2,0.5,/js/tasks/active_trust/media/face_5.png,/js/tasks/active_trust/media/small_none.png,/js/tasks/active_trust/media/small_rp.png,/js/tasks/active_trust/media/small_lp.png,/js/tasks/active_trust/media/small_rn.png,/js/tasks/active_trust/media/small_ln.png,0.5
197,right,40,20,60,0.8,0.2,0.5,/js/tasks/active_trust/media/face_5.png,/js/tasks/active_trust/media/small_none.png,/js/tasks/active_trust/media/small_rp.png,/js/tasks/active_trust/media/small_lp.png,/js/tasks/active_trust/media/small_rn.png,/js/tasks/active_trust/media/small_ln.png,0.5
198,right,40,20,60,0.8,0.2,0.5,/js/tasks/active_trust/media/face_5.png,/js/tasks/active_trust/media/small_none.png,/js/tasks/active_trust/media/small_rp.png,/js/tasks/active_trust/media/small_lp.png,/js/tasks/active_trust/media/small_rn.png,/js/tasks/active_trust/media/small_ln.png,0.5
199,right,40,20,60,0.8,0.2,0.5,/js/tasks/active_trust/media/face_5.png,/js/tasks/active_trust/media/small_none.png,/js/tasks/active_trust/media/small_rp.png,/js/tasks/active_trust/media/small_lp.png,/js/tasks/active_trust/media/small_rn.png,/js/tasks/active_trust/media/small_ln.png,0.5
200,right,40,20,60,0.8,0.2,0.5,/js/tasks/active_trust/media/face_5.png,/js/tasks/active_trust/media/small_none.png,/js/tasks/active_trust/media/small_rp.png,/js/tasks/active_trust/media/small_lp.png,/js/tasks/active_trust/media/small_rn.png,/js/tasks/active_trust/media/small_ln.png,0.5
201,right,40,20,80,0.8,0.2,0.9,/js/tasks/active_trust/media/face_6.png,/js/tasks/active_trust/media/medium_none.png,/js/tasks/active_trust/media/medium_rp.png,/js/tasks/active_trust/media/medium_lp.png,/js/tasks/active_trust/media/medium_rn.png,/js/tasks/active_trust/media/medium_ln.png,0.5
202,right,40,20,80,0.8,0.2,0.9,/js/tasks/active_trust/media/face_6.png,/js/tasks/active_trust/media/medium_none.png,/js/tasks/active_trust/media/medium_rp.png,/js/tasks/active_trust/media/medium_lp.png,/js/tasks/active_trust/media/medium_rn.png,/js/tasks/active_trust/media/medium_ln.png,0.5
203,right,40,20,80,0.8,0.2,0.9,/js/tasks/active_trust/media/face_6.png,/js/tasks/active_trust/media/medium_none.png,/js/tasks/active_trust/media/medium_rp.png,/js/tasks/active_trust/media/medium_lp.png,/js/tasks/active_trust/media/medium_rn.png,/js/tasks/active_trust/media/medium_ln.png,0.5
204,right,40,20,80,0.8,0.2,0.9,/js/tasks/active_trust/media/face_6.png,/js/tasks/active_trust/media/medium_none.png,/js/tasks/active_trust/media/medium_rp.png,/js/tasks/active_trust/media/medium_lp.png,/js/tasks/active_trust/media/medium_rn.png,/js/tasks/active_trust/media/medium_ln.png,0.5
205,right,40,20,80,0.8,0.2,0.9,/js/tasks/active_trust/media/face_6.png,/js/tasks/active_trust/media/medium_none.png,/js/tasks/active_trust/media/medium_rp.png,/js/tasks/active_trust/media/medium_lp.png,/js/tasks/active_trust/media/medium_rn.png,/js/tasks/active_trust/media/medium_ln.png,0.5
206,right,40,20,80,0.8,0.2,0.9,/js/tasks/active_trust/media/face_6.png,/js/tasks/active_trust/media/medium_none.png,/js/tasks/active_trust/media/medium_rp.png,/js/tasks/active_trust/media/medium_lp.png,/js/tasks/active_trust/media/medium_rn.png,/js/tasks/active_trust/media/medium_ln.png,0.5
207,right,40,20,80,0.8,0.2,0.9,/js/tasks/active_trust/media/face_6.png,/js/tasks/active_trust/media/medium_none.png,/js/tasks/active_trust/media/medium_rp.png,/js/tasks/active_trust/media/medium_lp.png,/js/tasks/active_trust/media/medium_rn.png,/js/tasks/active_trust/media/medium_ln.png,0.5
208,right,40,20,80,0.8,0.2,0.9,/js/tasks/active_trust/media/face_6.png,/js/tasks/active_trust/media/medium_none.png,/js/tasks/active_trust/media/medium_rp.png,/js/tasks/active_trust/media/medium_lp.png,/js/tasks/active_trust/media/medium_rn.png,/js/tasks/active_trust/media/medium_ln.png,0.5
209,right,40,20,80,0.8,0.2,0.9,/js/tasks/active_trust/media/face_6.png,/js/tasks/active_trust/media/medium_none.png,/js/tasks/active_trust/media/medium_rp.png,/js/tasks/active_trust/media/medium_lp.png,/js/tasks/active_trust/media/medium_rn.png,/js/tasks/active_trust/media/medium_ln.png,0.5
210,right,40,20,80,0.8,0.2,0.9,/js/tasks/active_trust/media/face_6.png,/js/tasks/active_trust/media/medium_none.png,/js/tasks/active_trust/media/medium_rp.png,/js/tasks/active_trust/media/medium_lp.png,/js/tasks/active_trust/media/medium_rn.png,/js/tasks/active_trust/media/medium_ln.png,0.5
211,right,40,20,80,0.8,0.2,0.9,/js/tasks/active_trust/media/face_6.png,/js/tasks/active_trust/media/medium_none.png,/js/tasks/active_trust/media/medium_rp.png,/js/tasks/active_trust/media/medium_lp.png,/js/tasks/active_trust/media/medium_rn.png,/js/tasks/active_trust/media/medium_ln.png,0.5
212,right,40,20,80,0.8,0.2,0.9,/js/tasks/active_trust/media/face_6.png,/js/tasks/active_trust/media/medium_none.png,/js/tasks/active_trust/media/medium_rp.png,/js/tasks/active_trust/media/medium_lp.png,/js/tasks/active_trust/media/medium_rn.png,/js/tasks/active_trust/media/medium_ln.png,0.5
213,right,40,20,80,0.8,0.2,0.9,/js/tasks/active_trust/media/face_6.png,/js/tasks/active_trust/media/medium_none.png,/js/tasks/active_trust/media/medium_rp.png,/js/tasks/active_trust/media/medium_lp.png,/js/tasks/active_trust/media/medium_rn.png,/js/tasks/active_trust/media/medium_ln.png,0.5
214,right,40,20,80,0.8,0.2,0.9,/js/tasks/active_trust/media/face_6.png,/js/tasks/active_trust/media/medium_none.png,/js/tasks/active_trust/media/medium_rp.png,/js/tasks/active_trust/media/medium_lp.png,/js/tasks/active_trust/media/medium_rn.png,/js/tasks/active_trust/media/medium_ln.png,0.5
215,right,40,20,80,0.8,0.2,0.9,/js/tasks/active_trust/media/face_6.png,/js/tasks/active_trust/media/medium_none.png,/js/tasks/active_trust/media/medium_rp.png,/js/tasks/active_trust/media/medium_lp.png,/js/tasks/active_trust/media/medium_rn.png,/js/tasks/active_trust/media/medium_ln.png,0.5
216,right,40,20,80,0.8,0.2,0.9,/js/tasks/active_trust/media/face_6.png,/js/tasks/active_trust/media/medium_none.png,/js/tasks/active_trust/media/medium_rp.png,/js/tasks/active_trust/media/medium_lp.png,/js/tasks/active_trust/media/medium_rn.png,/js/tasks/active_trust/media/medium_ln.png,0.5
217,right,40,20,80,0.8,0.2,0.9,/js/tasks/active_trust/media/face_6.png,/js/tasks/active_trust/media/medium_none.png,/js/tasks/active_trust/media/medium_rp.png,/js/tasks/active_trust/media/medium_lp.png,/js/tasks/active_trust/media/medium_rn.png,/js/tasks/active_trust/media/medium_ln.png,0.5
218,right,40,20,80,0.8,0.2,0.9,/js/tasks/active_trust/media/face_6.png,/js/tasks/active_trust/media/medium_none.png,/js/tasks/active_trust/media/medium_rp.png,/js/tasks/active_trust/media/medium_lp.png,/js/tasks/active_trust/media/medium_rn.png,/js/tasks/active_trust/media/medium_ln.png,0.5
219,right,40,20,80,0.8,0.2,0.9,/js/tasks/active_trust/media/face_6.png,/js/tasks/active_trust/media/medium_none.png,/js/tasks/active_trust/media/medium_rp.png,/js/tasks/active_trust/media/medium_lp.png,/js/tasks/active_trust/media/medium_rn.png,/js/tasks/active_trust/media/medium_ln.png,0.5
220,right,40,20,80,0.8,0.2,0.9,/js/tasks/active_trust/media/face_6.png,/js/tasks/active_trust/media/medium_none.png,/js/tasks/active_trust/media/medium_rp.png,/js/tasks/active_trust/media/medium_lp.png,/js/tasks/active_trust/media/medium_rn.png,/js/tasks/active_trust/media/medium_ln.png,0.5
221,right,40,20,80,0.8,0.2,0.9,/js/tasks/active_trust/media/face_6.png,/js/tasks/active_trust/media/medium_none.png,/js/tasks/active_trust/media/medium_rp.png,/js/tasks/active_trust/media/medium_lp.png,/js/tasks/active_trust/media/medium_rn.png,/js/tasks/active_trust/media/medium_ln.png,0.5
222,right,40,20,80,0.8,0.2,0.9,/js/tasks/active_trust/media/face_6.png,/js/tasks/active_trust/media/medium_none.png,/js/tasks/active_trust/media/medium_rp.png,/js/tasks/active_trust/media/medium_lp.png,/js/tasks/active_trust/media/medium_rn.png,/js/tasks/active_trust/media/medium_ln.png,0.5
223,right,40,20,80,0.8,0.2,0.9,/js/tasks/active_trust/media/face_6.png,/js/tasks/active_trust/media/medium_none.png,/js/tasks/active_trust/media/medium_rp.png,/js/tasks/active_trust/media/medium_lp.png,/js/tasks/active_trust/media/medium_rn.png,/js/tasks/active_trust/media/medium_ln.png,0.5
224,right,40,20,80,0.8,0.2,0.9,/js/tasks/active_trust/media/face_6.png,/js/tasks/active_trust/media/medium_none.png,/js/tasks/active_trust/media/medium_rp.png,/js/tasks/active_trust/media/medium_lp.png,/js/tasks/active_trust/media/medium_rn.png,/js/tasks/active_trust/media/medium_ln.png,0.5
225,right,40,20,80,0.8,0.2,0.9,/js/tasks/active_trust/media/face_6.png,/js/tasks/active_trust/media/medium_none.png,/js/tasks/active_trust/media/medium_rp.png,/js/tasks/active_trust/media/medium_lp.png,/js/tasks/active_trust/media/medium_rn.png,/js/tasks/active_trust/media/medium_ln.png,0.5
226,right,40,20,80,0.8,0.2,0.9,/js/tasks/active_trust/media/face_6.png,/js/tasks/active_trust/media/medium_none.png,/js/tasks/active_trust/media/medium_rp.png,/js/tasks/active_trust/media/medium_lp.png,/js/tasks/active_trust/media/medium_rn.png,/js/tasks/active_trust/media/medium_ln.png,0.5
227,right,40,20,80,0.8,0.2,0.9,/js/tasks/active_trust/media/face_6.png,/js/tasks/active_trust/media/medium_none.png,/js/tasks/active_trust/media/medium_rp.png,/js/tasks/active_trust/media/medium_lp.png,/js/tasks/active_trust/media/medium_rn.png,/js/tasks/active_trust/media/medium_ln.png,0.5
228,right,40,20,80,0.8,0.2,0.9,/js/tasks/active_trust/media/face_6.png,/js/tasks/active_trust/media/medium_none.png,/js/tasks/active_trust/media/medium_rp.png,/js/tasks/active_trust/media/medium_lp.png,/js/tasks/active_trust/media/medium_rn.png,/js/tasks/active_trust/media/medium_ln.png,0.5
229,right,40,20,80,0.8,0.2,0.9,/js/tasks/active_trust/media/face_6.png,/js/tasks/active_trust/media/medium_none.png,/js/tasks/active_trust/media/medium_rp.png,/js/tasks/active_trust/media/medium_lp.png,/js/tasks/active_trust/media/medium_rn.png,/js/tasks/active_trust/media/medium_ln.png,0.5
230,right,40,20,80,0.8,0.2,0.9,/js/tasks/active_trust/media/face_6.png,/js/tasks/active_trust/media/medium_none.png,/js/tasks/active_trust/media/medium_rp.png,/js/tasks/active_trust/media/medium_lp.png,/js/tasks/active_trust/media/medium_rn.png,/js/tasks/active_trust/media/medium_ln.png,0.5
231,right,40,20,80,0.8,0.2,0.9,/js/tasks/active_trust/media/face_6.png,/js/tasks/active_trust/media/medium_none.png,/js/tasks/active_trust/media/medium_rp.png,/js/tasks/active_trust/media/medium_lp.png,/js/tasks/active_trust/media/medium_rn.png,/js/tasks/active_trust/media/medium_ln.png,0.5
232,right,40,20,80,0.8,0.2,0.9,/js/tasks/active_trust/media/face_6.png,/js/tasks/active_trust/media/medium_none.png,/js/tasks/active_trust/media/medium_rp.png,/js/tasks/active_trust/media/medium_lp.png,/js/tasks/active_trust/media/medium_rn.png,/js/tasks/active_trust/media/medium_ln.png,0.5
233,right,40,20,80,0.8,0.2,0.9,/js/tasks/active_trust/media/face_6.png,/js/tasks/active_trust/media/medium_none.png,/js/tasks/active_trust/media/medium_rp.png,/js/tasks/active_trust/media/medium_lp.png,/js/tasks/active_trust/media/medium_rn.png,/js/tasks/active_trust/media/medium_ln.png,0.5
234,right,40,20,80,0.8,0.2,0.9,/js/tasks/active_trust/media/face_6.png,/js/tasks/active_trust/media/medium_none.png,/js/tasks/active_trust/media/medium_rp.png,/js/tasks/active_trust/media/medium_lp.png,/js/tasks/active_trust/media/medium_rn.png,/js/tasks/active_trust/media/medium_ln.png,0.5
235,right,40,20,80,0.8,0.2,0.9,/js/tasks/active_trust/media/face_6.png,/js/tasks/active_trust/media/medium_none.png,/js/tasks/active_trust/media/medium_rp.png,/js/tasks/active_trust/media/medium_lp.png,/js/tasks/active_trust/media/medium_rn.png,/js/tasks/active_trust/media/medium_ln.png,0.5
236,right,40,20,80,0.8,0.2,0.9,/js/tasks/active_trust/media/face_6.png,/js/tasks/active_trust/media/medium_none.png,/js/tasks/active_trust/media/medium_rp.png,/js/tasks/active_trust/media/medium_lp.png,/js/tasks/active_trust/media/medium_rn.png,/js/tasks/active_trust/media/medium_ln.png,0.5
237,right,40,20,80,0.8,0.2,0.9,/js/tasks/active_trust/media/face_6.png,/js/tasks/active_trust/media/medium_none.png,/js/tasks/active_trust/media/medium_rp.png,/js/tasks/active_trust/media/medium_lp.png,/js/tasks/active_trust/media/medium_rn.png,/js/tasks/active_trust/media/medium_ln.png,0.5
238,right,40,20,80,0.8,0.2,0.9,/js/tasks/active_trust/media/face_6.png,/js/tasks/active_trust/media/medium_none.png,/js/tasks/active_trust/media/medium_rp.png,/js/tasks/active_trust/media/medium_lp.png,/js/tasks/active_trust/media/medium_rn.png,/js/tasks/active_trust/media/medium_ln.png,0.5
239,right,40,20,80,0.8,0.2,0.9,/js/tasks/active_trust/media/face_6.png,/js/tasks/active_trust/media/medium_none.png,/js/tasks/active_trust/media/medium_rp.png,/js/tasks/active_trust/media/medium_lp.png,/js/tasks/active_trust/media/medium_rn.png,/js/tasks/active_trust/media/medium_ln.png,0.5
240,right,40,20,80,0.8,0.2,0.9,/js/tasks/active_trust/media/face_6.png,/js/tasks/active_trust/media/medium_none.png,/js/tasks/active_trust/media/medium_rp.png,/js/tasks/active_trust/media/medium_lp.png,/js/tasks/active_trust/media/medium_rn.png,/js/tasks/active_trust/media/medium_ln.png,0.5
241,right,40,20,100,0.8,0.2,0.5,/js/tasks/active_trust/media/face_7.png,/js/tasks/active_trust/media/large_none.png,/js/tasks/active_trust/media/large_rp.png,/js/tasks/active_trust/media/large_lp.png,/js/tasks/active_trust/media/large_rn.png,/js/tasks/active_trust/media/large_ln.png,0.5
242,right,40,20,100,0.8,0.2,0.5,/js/tasks/active_trust/media/face_7.png,/js/tasks/active_trust/media/large_none.png,/js/tasks/active_trust/media/large_rp.png,/js/tasks/active_trust/media/large_lp.png,/js/tasks/active_trust/media/large_rn.png,/js/tasks/active_trust/media/large_ln.png,0.5
243,right,40,20,100,0.8,0.2,0.5,/js/tasks/active_trust/media/face_7.png,/js/tasks/active_trust/media/large_none.png,/js/tasks/active_trust/media/large_rp.png,/js/tasks/active_trust/media/large_lp.png,/js/tasks/active_trust/media/large_rn.png,/js/tasks/active_trust/media/large_ln.png,0.5
244,right,40,20,100,0.8,0.2,0.5,/js/tasks/active_trust/media/face_7.png,/js/tasks/active_trust/media/large_none.png,/js/tasks/active_trust/media/large_rp.png,/js/tasks/active_trust/media/large_lp.png,/js/tasks/active_trust/media/large_rn.png,/js/tasks/active_trust/media/large_ln.png,0.5
245,right,40,20,100,0.8,0.2,0.5,/js/tasks/active_trust/media/face_7.png,/js/tasks/active_trust/media/large_none.png,/js/tasks/active_trust/media/large_rp.png,/js/tasks/active_trust/media/large_lp.png,/js/tasks/active_trust/media/large_rn.png,/js/tasks/active_trust/media/large_ln.png,0.5
246,right,40,20,100,0.8,0.2,0.5,/js/tasks/active_trust/media/face_7.png,/js/tasks/active_trust/media/large_none.png,/js/tasks/active_trust/media/large_rp.png,/js/tasks/active_trust/media/large_lp.png,/js/tasks/active_trust/media/large_rn.png,/js/tasks/active_trust/media/large_ln.png,0.5
247,right,40,20,100,0.8,0.2,0.5,/js/tasks/active_trust/media/face_7.png,/js/tasks/active_trust/media/large_none.png,/js/tasks/active_trust/media/large_rp.png,/js/tasks/active_trust/media/large_lp.png,/js/tasks/active_trust/media/large_rn.png,/js/tasks/active_trust/media/large_ln.png,0.5
248,right,40,20,100,0.8,0.2,0.5,/js/tasks/active_trust/media/face_7.png,/js/tasks/active_trust/media/large_none.png,/js/tasks/active_trust/media/large_rp.png,/js/tasks/active_trust/media/large_lp.png,/js/tasks/active_trust/media/large_rn.png,/js/tasks/active_trust/media/large_ln.png,0.5
249,right,40,20,100,0.8,0.2,0.5,/js/tasks/active_trust/media/face_7.png,/js/tasks/active_trust/media/large_none.png,/js/tasks/active_trust/media/large_rp.png,/js/tasks/active_trust/media/large_lp.png,/js/tasks/active_trust/media/large_rn.png,/js/tasks/active_trust/media/large_ln.png,0.5
250,right,40,20,100,0.8,0.2,0.5,/js/tasks/active_trust/media/face_7.png,/js/tasks/active_trust/media/large_none.png,/js/tasks/active_trust/media/large_rp.png,/js/tasks/active_trust/media/large_lp.png,/js/tasks/active_trust/media/large_rn.png,/js/tasks/active_trust/media/large_ln.png,0.5
251,right,40,20,100,0.2,0.8,0.5,/js/tasks/active_trust/media/face_7.png,/js/tasks/active_trust/media/large_none.png,/js/tasks/active_trust/media/large_rp.png,/js/tasks/active_trust/media/large_lp.png,/js/tasks/active_trust/media/large_rn.png,/js/tasks/active_trust/media/large_ln.png,0.5
252,right,40,20,100,0.2,0.8,0.5,/js/tasks/active_trust/media/face_7.png,/js/tasks/active_trust/media/large_none.png,/js/tasks/active_trust/media/large_rp.png,/js/tasks/active_trust/media/large_lp.png,/js/tasks/active_trust/media/large_rn.png,/js/tasks/active_trust/media/large_ln.png,0.5
253,right,40,20,100,0.2,0.8,0.5,/js/tasks/active_trust/media/face_7.png,/js/tasks/active_trust/media/large_none.png,/js/tasks/active_trust/media/large_rp.png,/js/tasks/active_trust/media/large_lp.png,/js/tasks/active_trust/media/large_rn.png,/js/tasks/active_trust/media/large_ln.png,0.5
254,right,40,20,100,0.2,0.8,0.5,/js/tasks/active_trust/media/face_7.png,/js/tasks/active_trust/media/large_none.png,/js/tasks/active_trust/media/large_rp.png,/js/tasks/active_trust/media/large_lp.png,/js/tasks/active_trust/media/large_rn.png,/js/tasks/active_trust/media/large_ln.png,0.5
255,right,40,20,100,0.2,0.8,0.5,/js/tasks/active_trust/media/face_7.png,/js/tasks/active_trust/media/large_none.png,/js/tasks/active_trust/media/large_rp.png,/js/tasks/active_trust/media/large_lp.png,/js/tasks/active_trust/media/large_rn.png,/js/tasks/active_trust/media/large_ln.png,0.5
256,right,40,20,100,0.2,0.8,0.5,/js/tasks/active_trust/media/face_7.png,/js/tasks/active_trust/media/large_none.png,/js/tasks/active_trust/media/large_rp.png,/js/tasks/active_trust/media/large_lp.png,/js/tasks/active_trust/media/large_rn.png,/js/tasks/active_trust/media/large_ln.png,0.5
257,right,40,20,100,0.2,0.8,0.5,/js/tasks/active_trust/media/face_7.png,/js/tasks/active_trust/media/large_none.png,/js/tasks/active_trust/media/large_rp.png,/js/tasks/active_trust/media/large_lp.png,/js/tasks/active_trust/media/large_rn.png,/js/tasks/active_trust/media/large_ln.png,0.5
258,right,40,20,100,0.2,0.8,0.5,/js/tasks/active_trust/media/face_7.png,/js/tasks/active_trust/media/large_none.png,/js/tasks/active_trust/media/large_rp.png,/js/tasks/active_trust/media/large_lp.png,/js/tasks/active_trust/media/large_rn.png,/js/tasks/active_trust/media/large_ln.png,0.5
259,right,40,20,100,0.2,0.8,0.5,/js/tasks/active_trust/media/face_7.png,/js/tasks/active_trust/media/large_none.png,/js/tasks/active_trust/media/large_rp.png,/js/tasks/active_trust/media/large_lp.png,/js/tasks/active_trust/media/large_rn.png,/js/tasks/active_trust/media/large_ln.png,0.5
260,mix,40,20,100,0.8,0.2,0.9,/js/tasks/active_trust/media/face_7.png,/js/tasks/active_trust/media/large_none.png,/js/tasks/active_trust/media/large_rp.png,/js/tasks/active_trust/media/large_lp.png,/js/tasks/active_trust/media/large_rn.png,/js/tasks/active_trust/media/large_ln.png,0.5
261,mix,40,20,100,0.8,0.2,0.9,/js/tasks/active_trust/media/face_7.png,/js/tasks/active_trust/media/large_none.png,/js/tasks/active_trust/media/large_rp.png,/js/tasks/active_trust/media/large_lp.png,/js/tasks/active_trust/media/large_rn.png,/js/tasks/active_trust/media/large_ln.png,0.5
262,mix,40,20,100,0.8,0.2,0.9,/js/tasks/active_trust/media/face_7.png,/js/tasks/active_trust/media/large_none.png,/js/tasks/active_trust/media/large_rp.png,/js/tasks/active_trust/media/large_lp.png,/js/tasks/active_trust/media/large_rn.png,/js/tasks/active_trust/media/large_ln.png,0.5
263,mix,40,20,100,0.8,0.2,0.9,/js/tasks/active_trust/media/face_7.png,/js/tasks/active_trust/media/large_none.png,/js/tasks/active_trust/media/large_rp.png,/js/tasks/active_trust/media/large_lp.png,/js/tasks/active_trust/media/large_rn.png,/js/tasks/active_trust/media/large_ln.png,0.5
264,mix,40,20,100,0.8,0.2,0.9,/js/tasks/active_trust/media/face_7.png,/js/tasks/active_trust/media/large_none.png,/js/tasks/active_trust/media/large_rp.png,/js/tasks/active_trust/media/large_lp.png,/js/tasks/active_trust/media/large_rn.png,/js/tasks/active_trust/media/large_ln.png,0.5
265,mix,40,20,100,0.8,0.2,0.9,/js/tasks/active_trust/media/face_7.png,/js/tasks/active_trust/media/large_none.png,/js/tasks/active_trust/media/large_rp.png,/js/tasks/active_trust/media/large_lp.png,/js/tasks/active_trust/media/large_rn.png,/js/tasks/active_trust/media/large_ln.png,0.5
266,mix,40,20,100,0.8,0.2,0.9,/js/tasks/active_trust/media/face_7.png,/js/tasks/active_trust/media/large_none.png,/js/tasks/active_trust/media/large_rp.png,/js/tasks/active_trust/media/large_lp.png,/js/tasks/active_trust/media/large_rn.png,/js/tasks/active_trust/media/large_ln.png,0.5
267,mix,40,20,100,0.8,0.2,0.9,/js/tasks/active_trust/media/face_7.png,/js/tasks/active_trust/media/large_none.png,/js/tasks/active_trust/media/large_rp.png,/js/tasks/active_trust/media/large_lp.png,/js/tasks/active_trust/media/large_rn.png,/js/tasks/active_trust/media/large_ln.png,0.5
268,mix,40,20,100,0.8,0.2,0.9,/js/tasks/active_trust/media/face_7.png,/js/tasks/active_trust/media/large_none.png,/js/tasks/active_trust/media/large_rp.png,/js/tasks/active_trust/media/large_lp.png,/js/tasks/active_trust/media/large_rn.png,/js/tasks/active_trust/media/large_ln.png,0.5
269,mix,40,20,100,0.8,0.2,0.9,/js/tasks/active_trust/media/face_7.png,/js/tasks/active_trust/media/large_none.png,/js/tasks/active_trust/media/large_rp.png,/js/tasks/active_trust/media/large_lp.png,/js/tasks/active_trust/media/large_rn.png,/js/tasks/active_trust/media/large_ln.png,0.5
270,mix,40,20,100,0.2,0.8,0.9,/js/tasks/active_trust/media/face_7.png,/js/tasks/active_trust/media/large_none.png,/js/tasks/active_trust/media/large_rp.png,/js/tasks/active_trust/media/large_lp.png,/js/tasks/active_trust/media/large_rn.png,/js/tasks/active_trust/media/large_ln.png,0.5
271,mix,40,20,100,0.2,0.8,0.9,/js/tasks/active_trust/media/face_7.png,/js/tasks/active_trust/media/large_none.png,/js/tasks/active_trust/media/large_rp.png,/js/tasks/active_trust/media/large_lp.png,/js/tasks/active_trust/media/large_rn.png,/js/tasks/active_trust/media/large_ln.png,0.5
272,mix,40,20,100,0.2,0.8,0.9,/js/tasks/active_trust/media/face_7.png,/js/tasks/active_trust/media/large_none.png,/js/tasks/active_trust/media/large_rp.png,/js/tasks/active_trust/media/large_lp.png,/js/tasks/active_trust/media/large_rn.png,/js/tasks/active_trust/media/large_ln.png,0.5
273,mix,40,20,100,0.2,0.8,0.9,/js/tasks/active_trust/media/face_7.png,/js/tasks/active_trust/media/large_none.png,/js/tasks/active_trust/media/large_rp.png,/js/tasks/active_trust/media/large_lp.png,/js/tasks/active_trust/media/large_rn.png,/js/tasks/active_trust/media/large_ln.png,0.5
274,mix,40,20,100,0.2,0.8,0.9,/js/tasks/active_trust/media/face_7.png,/js/tasks/active_trust/media/large_none.png,/js/tasks/active_trust/media/large_rp.png,/js/tasks/active_trust/media/large_lp.png,/js/tasks/active_trust/media/large_rn.png,/js/tasks/active_trust/media/large_ln.png,0.5
275,mix,40,20,100,0.2,0.8,0.9,/js/tasks/active_trust/media/face_7.png,/js/tasks/active_trust/media/large_none.png,/js/tasks/active_trust/media/large_rp.png,/js/tasks/active_trust/media/large_lp.png,/js/tasks/active_trust/media/large_rn.png,/js/tasks/active_trust/media/large_ln.png,0.5
276,mix,40,20,100,0.2,0.8,0.9,/js/tasks/active_trust/media/face_7.png,/js/tasks/active_trust/media/large_none.png,/js/tasks/active_trust/media/large_rp.png,/js/tasks/active_trust/media/large_lp.png,/js/tasks/active_trust/media/large_rn.png,/js/tasks/active_trust/media/large_ln.png,0.5
277,mix,40,20,100,0.2,0.8,0.9,/js/tasks/active_trust/media/face_7.png,/js/tasks/active_trust/media/large_none.png,/js/tasks/active_trust/media/large_rp.png,/js/tasks/active_trust/media/large_lp.png,/js/tasks/active_trust/media/large_rn.png,/js/tasks/active_trust/media/large_ln.png,0.5
278,mix,40,20,100,0.2,0.8,0.9,/js/tasks/active_trust/media/face_7.png,/js/tasks/active_trust/media/large_none.png,/js/tasks/active_trust/media/large_rp.png,/js/tasks/active_trust/media/large_lp.png,/js/tasks/active_trust/media/large_rn.png,/js/tasks/active_trust/media/large_ln.png,0.5
279,mix,40,20,100,0.2,0.8,0.9,/js/tasks/active_trust/media/face_7.png,/js/tasks/active_trust/media/large_none.png,/js/tasks/active_trust/media/large_rp.png,/js/tasks/active_trust/media/large_lp.png,/js/tasks/active_trust/media/large_rn.png,/js/tasks/active_trust/media/large_ln.png,0.5
280,mix,40,20,100,0.2,0.8,0.9,/js/tasks/active_trust/media/face_7.png,/js/tasks/active_trust/media/large_none.png,/js/tasks/active_trust/media/large_rp.png,/js/tasks/active_trust/media/large_lp.png,/js/tasks/active_trust/media/large_rn.png,/js/tasks/active_trust/media/large_ln.png,0.5
281,right,40,20,80,0.2,0.8,0.9,/js/tasks/active_trust/media/face_8.png,/js/tasks/active_trust/media/medium_none.png,/js/tasks/active_trust/media/medium_rp.png,/js/tasks/active_trust/media/medium_lp.png,/js/tasks/active_trust/media/medium_rn.png,/js/tasks/active_trust/media/medium_ln.png,0.5
282,right,40,20,80,0.2,0.8,0.9,/js/tasks/active_trust/media/face_8.png,/js/tasks/active_trust/media/medium_none.png,/js/tasks/active_trust/media/medium_rp.png,/js/tasks/active_trust/media/medium_lp.png,/js/tasks/active_trust/media/medium_rn.png,/js/tasks/active_trust/media/medium_ln.png,0.5
283,right,40,20,80,0.2,0.8,0.9,/js/tasks/active_trust/media/face_8.png,/js/tasks/active_trust/media/medium_none.png,/js/tasks/active_trust/media/medium_rp.png,/js/tasks/active_trust/media/medium_lp.png,/js/tasks/active_trust/media/medium_rn.png,/js/tasks/active_trust/media/medium_ln.png,0.5
284,right,40,20,80,0.2,0.8,0.9,/js/tasks/active_trust/media/face_8.png,/js/tasks/active_trust/media/medium_none.png,/js/tasks/active_trust/media/medium_rp.png,/js/tasks/active_trust/media/medium_lp.png,/js/tasks/active_trust/media/medium_rn.png,/js/tasks/active_trust/media/medium_ln.png,0.5
285,right,40,20,80,0.2,0.8,0.9,/js/tasks/active_trust/media/face_8.png,/js/tasks/active_trust/media/medium_none.png,/js/tasks/active_trust/media/medium_rp.png,/js/tasks/active_trust/media/medium_lp.png,/js/tasks/active_trust/media/medium_rn.png,/js/tasks/active_trust/media/medium_ln.png,0.5
286,right,40,20,80,0.2,0.8,0.9,/js/tasks/active_trust/media/face_8.png,/js/tasks/active_trust/media/medium_none.png,/js/tasks/active_trust/media/medium_rp.png,/js/tasks/active_trust/media/medium_lp.png,/js/tasks/active_trust/media/medium_rn.png,/js/tasks/active_trust/media/medium_ln.png,0.5
287,right,40,20,80,0.2,0.8,0.9,/js/tasks/active_trust/media/face_8.png,/js/tasks/active_trust/media/medium_none.png,/js/tasks/active_trust/media/medium_rp.png,/js/tasks/active_trust/media/medium_lp.png,/js/tasks/active_trust/media/medium_rn.png,/js/tasks/active_trust/media/medium_ln.png,0.5
288,right,40,20,80,0.2,0.8,0.9,/js/tasks/active_trust/media/face_8.png,/js/tasks/active_trust/media/medium_none.png,/js/tasks/active_trust/media/medium_rp.png,/js/tasks/active_trust/media/medium_lp.png,/js/tasks/active_trust/media/medium_rn.png,/js/tasks/active_trust/media/medium_ln.png,0.5
289,right,40,20,80,0.2,0.8,0.9,/js/tasks/active_trust/media/face_8.png,/js/tasks/active_trust/media/medium_none.png,/js/tasks/active_trust/media/medium_rp.png,/js/tasks/active_trust/media/medium_lp.png,/js/tasks/active_trust/media/medium_rn.png,/js/tasks/active_trust/media/medium_ln.png,0.5
290,right,40,20,80,0.2,0.8,0.9,/js/tasks/active_trust/media/face_8.png,/js/tasks/active_trust/media/medium_none.png,/js/tasks/active_trust/media/medium_rp.png,/js/tasks/active_trust/media/medium_lp.png,/js/tasks/active_trust/media/medium_rn.png,/js/tasks/active_trust/media/medium_ln.png,0.5
291,right,40,20,80,0.8,0.2,0.9,/js/tasks/active_trust/media/face_8.png,/js/tasks/active_trust/media/medium_none.png,/js/tasks/active_trust/media/medium_rp.png,/js/tasks/active_trust/media/medium_lp.png,/js/tasks/active_trust/media/medium_rn.png,/js/tasks/active_trust/media/medium_ln.png,0.5
292,right,40,20,80,0.8,0.2,0.9,/js/tasks/active_trust/media/face_8.png,/js/tasks/active_trust/media/medium_none.png,/js/tasks/active_trust/media/medium_rp.png,/js/tasks/active_trust/media/medium_lp.png,/js/tasks/active_trust/media/medium_rn.png,/js/tasks/active_trust/media/medium_ln.png,0.5
293,right,40,20,80,0.8,0.2,0.9,/js/tasks/active_trust/media/face_8.png,/js/tasks/active_trust/media/medium_none.png,/js/tasks/active_trust/media/medium_rp.png,/js/tasks/active_trust/media/medium_lp.png,/js/tasks/active_trust/media/medium_rn.png,/js/tasks/active_trust/media/medium_ln.png,0.5
294,right,40,20,80,0.8,0.2,0.9,/js/tasks/active_trust/media/face_8.png,/js/tasks/active_trust/media/medium_none.png,/js/tasks/active_trust/media/medium_rp.png,/js/tasks/active_trust/media/medium_lp.png,/js/tasks/active_trust/media/medium_rn.png,/js/tasks/active_trust/media/medium_ln.png,0.5
295,right,40,20,80,0.8,0.2,0.9,/js/tasks/active_trust/media/face_8.png,/js/tasks/active_trust/media/medium_none.png,/js/tasks/active_trust/media/medium_rp.png,/js/tasks/active_trust/media/medium_lp.png,/js/tasks/active_trust/media/medium_rn.png,/js/tasks/active_trust/media/medium_ln.png,0.5
296,right,40,20,80,0.8,0.2,0.9,/js/tasks/active_trust/media/face_8.png,/js/tasks/active_trust/media/medium_none.png,/js/tasks/active_trust/media/medium_rp.png,/js/tasks/active_trust/media/medium_lp.png,/js/tasks/active_trust/media/medium_rn.png,/js/tasks/active_trust/media/medium_ln.png,0.5
297,right,40,20,80,0.8,0.2,0.9,/js/tasks/active_trust/media/face_8.png,/js/tasks/active_trust/media/medium_none.png,/js/tasks/active_trust/media/medium_rp.png,/js/tasks/active_trust/media/medium_lp.png,/js/tasks/active_trust/media/medium_rn.png,/js/tasks/active_trust/media/medium_ln.png,0.5
298,right,40,20,80,0.8,0.2,0.9,/js/tasks/active_trust/media/face_8.png,/js/tasks/active_trust/media/medium_none.png,/js/tasks/active_trust/media/medium_rp.png,/js/tasks/active_trust/media/medium_lp.png,/js/tasks/active_trust/media/medium_rn.png,/js/tasks/active_trust/media/medium_ln.png,0.5
299,right,40,20,80,0.8,0.2,0.9,/js/tasks/active_trust/media/face_8.png,/js/tasks/active_trust/media/medium_none.png,/js/tasks/active_trust/media/medium_rp.png,/js/tasks/active_trust/media/medium_lp.png,/js/tasks/active_trust/media/medium_rn.png,/js/tasks/active_trust/media/medium_ln.png,0.5
300,right,40,20,80,0.8,0.2,0.9,/js/tasks/active_trust/media/face_8.png,/js/tasks/active_trust/media/medium_none.png,/js/tasks/active_trust/media/medium_rp.png,/js/tasks/active_trust/media/medium_lp.png,/js/tasks/active_trust/media/medium_rn.png,/js/tasks/active_trust/media/medium_ln.png,0.5
301,mix,40,20,80,0.2,0.8,0.5,/js/tasks/active_trust/media/face_8.png,/js/tasks/active_trust/media/medium_none.png,/js/tasks/active_trust/media/medium_rp.png,/js/tasks/active_trust/media/medium_lp.png,/js/tasks/active_trust/media/medium_rn.png,/js/tasks/active_trust/media/medium_ln.png,0.5
302,mix,40,20,80,0.2,0.8,0.5,/js/tasks/active_trust/media/face_8.png,/js/tasks/active_trust/media/medium_none.png,/js/tasks/active_trust/media/medium_rp.png,/js/tasks/active_trust/media/medium_lp.png,/js/tasks/active_trust/media/medium_rn.png,/js/tasks/active_trust/media/medium_ln.png,0.5
303,mix,40,20,80,0.2,0.8,0.5,/js/tasks/active_trust/media/face_8.png,/js/tasks/active_trust/media/medium_none.png,/js/tasks/active_trust/media/medium_rp.png,/js/tasks/active_trust/media/medium_lp.png,/js/tasks/active_trust/media/medium_rn.png,/js/tasks/active_trust/media/medium_ln.png,0.5
304,mix,40,20,80,0.2,0.8,0.5,/js/tasks/active_trust/media/face_8.png,/js/tasks/active_trust/media/medium_none.png,/js/tasks/active_trust/media/medium_rp.png,/js/tasks/active_trust/media/medium_lp.png,/js/tasks/active_trust/media/medium_rn.png,/js/tasks/active_trust/media/medium_ln.png,0.5
305,mix,40,20,80,0.2,0.8,0.5,/js/tasks/active_trust/media/face_8.png,/js/tasks/active_trust/media/medium_none.png,/js/tasks/active_trust/media/medium_rp.png,/js/tasks/active_trust/media/medium_lp.png,/js/tasks/active_trust/media/medium_rn.png,/js/tasks/active_trust/media/medium_ln.png,0.5
306,mix,40,20,80,0.2,0.8,0.5,/js/tasks/active_trust/media/face_8.png,/js/tasks/active_trust/media/medium_none.png,/js/tasks/active_trust/media/medium_rp.png,/js/tasks/active_trust/media/medium_lp.png,/js/tasks/active_trust/media/medium_rn.png,/js/tasks/active_trust/media/medium_ln.png,0.5
307,mix,40,20,80,0.2,0.8,0.5,/js/tasks/active_trust/media/face_8.png,/js/tasks/active_trust/media/medium_none.png,/js/tasks/active_trust/media/medium_rp.png,/js/tasks/active_trust/media/medium_lp.png,/js/tasks/active_trust/media/medium_rn.png,/js/tasks/active_trust/media/medium_ln.png,0.5
308,mix,40,20,80,0.2,0.8,0.5,/js/tasks/active_trust/media/face_8.png,/js/tasks/active_trust/media/medium_none.png,/js/tasks/active_trust/media/medium_rp.png,/js/tasks/active_trust/media/medium_lp.png,/js/tasks/active_trust/media/medium_rn.png,/js/tasks/active_trust/media/medium_ln.png,0.5
309,mix,40,20,80,0.2,0.8,0.5,/js/tasks/active_trust/media/face_8.png,/js/tasks/active_trust/media/medium_none.png,/js/tasks/active_trust/media/medium_rp.png,/js/tasks/active_trust/media/medium_lp.png,/js/tasks/active_trust/media/medium_rn.png,/js/tasks/active_trust/media/medium_ln.png,0.5
310,mix,40,20,80,0.2,0.8,0.5,/js/tasks/active_trust/media/face_8.png,/js/tasks/active_trust/media/medium_none.png,/js/tasks/active_trust/media/medium_rp.png,/js/tasks/active_trust/media/medium_lp.png,/js/tasks/active_trust/media/medium_rn.png,/js/tasks/active_trust/media/medium_ln.png,0.5
311,mix,40,20,80,0.2,0.8,0.5,/js/tasks/active_trust/media/face_8.png,/js/tasks/active_trust/media/medium_none.png,/js/tasks/active_trust/media/medium_rp.png,/js/tasks/active_trust/media/medium_lp.png,/js/tasks/active_trust/media/medium_rn.png,/js/tasks/active_trust/media/medium_ln.png,0.5
312,mix,40,20,80,0.8,0.2,0.5,/js/tasks/active_trust/media/face_8.png,/js/tasks/active_trust/media/medium_none.png,/js/tasks/active_trust/media/medium_rp.png,/js/tasks/active_trust/media/medium_lp.png,/js/tasks/active_trust/media/medium_rn.png,/js/tasks/active_trust/media/medium_ln.png,0.5
313,mix,40,20,80,0.8,0.2,0.5,/js/tasks/active_trust/media/face_8.png,/js/tasks/active_trust/media/medium_none.png,/js/tasks/active_trust/media/medium_rp.png,/js/tasks/active_trust/media/medium_lp.png,/js/tasks/active_trust/media/medium_rn.png,/js/tasks/active_trust/media/medium_ln.png,0.5
314,mix,40,20,80,0.8,0.2,0.5,/js/tasks/active_trust/media/face_8.png,/js/tasks/active_trust/media/medium_none.png,/js/tasks/active_trust/media/medium_rp.png,/js/tasks/active_trust/media/medium_lp.png,/js/tasks/active_trust/media/medium_rn.png,/js/tasks/active_trust/media/medium_ln.png,0.5
315,mix,40,20,80,0.8,0.2,0.5,/js/tasks/active_trust/media/face_8.png,/js/tasks/active_trust/media/medium_none.png,/js/tasks/active_trust/media/medium_rp.png,/js/tasks/active_trust/media/medium_lp.png,/js/tasks/active_trust/media/medium_rn.png,/js/tasks/active_trust/media/medium_ln.png,0.5
316,mix,40,20,80,0.8,0.2,0.5,/js/tasks/active_trust/media/face_8.png,/js/tasks/active_trust/media/medium_none.png,/js/tasks/active_trust/media/medium_rp.png,/js/tasks/active_trust/media/medium_lp.png,/js/tasks/active_trust/media/medium_rn.png,/js/tasks/active_trust/media/medium_ln.png,0.5
317,mix,40,20,80,0.8,0.2,0.5,/js/tasks/active_trust/media/face_8.png,/js/tasks/active_trust/media/medium_none.png,/js/tasks/active_trust/media/medium_rp.png,/js/tasks/active_trust/media/medium_lp.png,/js/tasks/active_trust/media/medium_rn.png,/js/tasks/active_trust/media/medium_ln.png,0.5
318,mix,40,20,80,0.8,0.2,0.5,/js/tasks/active_trust/media/face_8.png,/js/tasks/active_trust/media/medium_none.png,/js/tasks/active_trust/media/medium_rp.png,/js/tasks/active_trust/media/medium_lp.png,/js/tasks/active_trust/media/medium_rn.png,/js/tasks/active_trust/media/medium_ln.png,0.5
319,mix,40,20,80,0.8,0.2,0.5,/js/tasks/active_trust/media/face_8.png,/js/tasks/active_trust/media/medium_none.png,/js/tasks/active_trust/media/medium_rp.png,/js/tasks/active_trust/media/medium_lp.png,/js/tasks/active_trust/media/medium_rn.png,/js/tasks/active_trust/media/medium_ln.png,0.5
320,mix,40,20,80,0.8,0.2,0.5,/js/tasks/active_trust/media/face_8.png,/js/tasks/active_trust/media/medium_none.png,/js/tasks/active_trust/media/medium_rp.png,/js/tasks/active_trust/media/medium_lp.png,/js/tasks/active_trust/media/medium_rn.png,/js/tasks/active_trust/media/medium_ln.png,0.5
